[
  {
    "id": 1,
    "meta_title": "Android App Development Company in India & USA | Developers for App",
    "meta_description": "Looking for the top 10 mobile app development companies In India & USA? MEDIATRENZ is a leading mobile app development company in India. Hire developers for professional development.",
    "meta_keywords": "Mobile app development services India,App development company in Noida",
    "meta_og_title": "Android App Development Company in India & USA | Developers for App",
    "meta_og_description": "Looking for the top 10 mobile app development companies In India & USA? MEDIATRENZ is a leading mobile app development company in India. Hire developers for professional development.",
    "meta_og_image": "https://mediatrenz.com/images2/all-images/android-app-development-service-image.webp",
    "meta_og_url": "https://mediatrenz.com/android-app-development-service.php",
    "slug": "/android-app-development-service.php",
    "page_title": "Android App Development Services",
    "banner_image_url": "/images2/all-images/android-app-development-service-image.webp",
    "breadcrums": "Android App Development Services",

    "heading_first": "Top Notch Android App Development Service",
    "paragraph": "<p>A mobile application is one such solution to come with all features that are going to assist and manage in our daily life schedule. It is allowing us to resolve the problem of whether to invest in mobile applications or not. Companies are now seeking to lead the struggle with high sensible Android App Development Company. If you too are searching to have an fault-free and user-friendly application, Android is the best-recommended platform to go with. Android is the solution for all who desire to go with an open source application. Ensure to focus on some advantages as well as challenges that were faced by Android as well as still leading the market. As the market for these devices is presently the largest in the world, opposing to popular belief. Android as a platform undergoes several confronts as compared to iOS app development. Still a query arises what do you actually need to build an application in android? You should go with facts that convey your answer. Even a little difference in UI can make a huge difference and boosts the time of development as well. Eventually it affects to the customers.</p>",
    "sub-paragraph": "<p>Android applications can be effortlessly incorporated with a broad range of the network to be covered that too in the besieged budget. Each Business enquires for diverse requirements but no matter what are the business needs, there is a social network intended to assist them.</p><p>Today's consumer does not have to be limited when it comes to surfing. They require apps that are able to be utilized across all devices. While hiring an Android app Developer, one goes with all features whereby they can provide apps that are consistently receptive whether they are being utilized on a Smartphone or else a tablet. A mobile app development company in a method that it solves all business requires and one can complete the chore at a remote location as well across all devices. This is the finest method to cast a network globally and with every probable sector of the target audience.</p><p>MEDIATRENZ is leading Android App Development service provider which helps in building strong Android applications that assists your trade to grow exponentially.</p>",
    "image_first_url": "/images2/android-app-development-img1.webp",

    "heading_third": "CREATIVITY THAT PERFORM IN OUR WORK",
    "heading_sub_third": "OUR PORTFOLIO",

    "package_heading": "Full Stack ANDROID APP DEVELOPMENT SERVICES",
    "package_cont": [
      {
        "num": "01",
        "packagelogo": "<i class='fi fi-tr-mobile-button'></i>",
        "packagename": "Dynamic android app",
        "packagedesc": "Our pool of brilliant developers with years of experience is skilful with full-fledged, scalable, robust, as well as top-notch Android applications."
      },
      {
        "num": "02",
        "packagelogo": "<i class='fi fi-ts-building'></i>",
        "packagename": "Solutions for your enterprise",
        "packagedesc": "We offer flexible and high performing android apps which conform to your venture and meet all your claims."
      },
      {
        "num": "03",
        "packagelogo": "<i class='fi fi-ts-chatbot'></i>",
        "packagename": "Transfer & update service",
        "packagedesc": "If you are looking to move your app to a different platform or to revamp the existing one, our team can complete that task with utmost competence."
      },
      {
        "num": "04",
        "packagelogo": "<i class='fi fi-tr-customer-service'></i>",
        "packagename": "Consulting services",
        "packagedesc": "Our specialists having years of experience will mentor and offer you consultation on nuances of Android app development."
      },
      {
        "num": "05",
        "packagelogo": "<i class='fi fi-tr-hands-heart'></i>",
        "packagename": "Support & maintenance",
        "packagedesc": "Apart from Android app development services; our skilful team also provide 24x7 support & maintenance service to our consumers."
      },
      {
        "num": "06",
        "packagelogo": "<i class='fi fi-tr-test'></i>",
        "packagename": "QA & testing",
        "packagedesc": "Our QA specialist always keeps an eye on your project right from the preliminary stage, till it starts working effortlessly on all anticipated platforms."
      }
    ],

    "heading_fifth": "Transform Your Business with Our Android Application Solutions",
    "paragraph_fifth": "<p>Over more than a decade on the market, MEDIATRENZ has gained a reputation of one of the most reliable Android app development companies. Whether you a need an app for an Android smartphone, wearable, or TV, we can help you build a solid solution that works on every device regardless of brand and your industry of operation.</p><p>Our experts know every corner of the Android platform, down to its core. We have the experience of working with every Android device type, brand, and custom ecosystem.</p>  ",
    "heading_sub_fifth": "MEDIATRENZ is leading Android App development company which helps in building robust Android applications.",
    "image_fifth_url": "/images2/android-app-development-dev4.webp",

    "services": [
      {
        "num": "01",
        "link": "android-app-development-service.php",
        "servicename": "Android Apps Development",
        "servicedesc": "If there is one name that has become synonymous with mobile apps and smartphones then it must be that of Android.",
        "serviceicon": "<i class='fi fi-tr-tablet-android-alt'></i>"
      },
      {
        "num": "02",
        "link": "ios-app-development-service.php",
        "servicename": "IOS Apps Development",
        "servicedesc": "Helping Startups and Businesses around the globe develop next-gen iOS apps with cutting-edge technology.",
        "serviceicon": "<i class='fi fi-tr-tablet-android-alt'></i>"
      },
      {
        "num": "03",
        "link": "native-app-development-service.php",
        "servicename": "Native Apps Development",
        "servicedesc": "Build The Base For A Successful Future For Your Business Through Native Apps Development Services!",
        "serviceicon": "<i class='fi fi-tr-tablet-android-alt'></i>"
      },
      {
        "num": "04",
        "link": "hybrid-app-development-service.php",
        "servicename": "Hybrid Apps Development",
        "servicedesc": "Grow your business with custom mobile apps - get in touch with MEDIATRENZ for cross-platform mobile app development.",
        "serviceicon": "<i class='fi fi-tr-tablet-android-alt'></i>"
      }
    ]
  },
  {
    "id": 2,
    "meta_title": "Mobile Apps Services | App Development Services in India",
    "meta_description": "MEDIATRENZ is the leading company that provides best app development services in India to its clients. We have an expert team for mobile apps services.",
    "meta_keywords": "Mobile app development services India App development company in Noida",
    "meta_og_title": "Mobile Apps Services | App Development Services in India",
    "meta_og_description": "MEDIATRENZ is the leading company that provides best app development services in India to its clients. We have an expert team for mobile apps services.",
    "meta_og_image": "https://mediatrenz.com/images2/ios-app-development-banner.webp",
    "meta_og_url": "https://mediatrenz.com/ios-app-development-service.php",

    "slug": "/ios-app-development-service.php",
    "page_title": "IOS App Development Services",
    "banner_image_url": "/images2/ios-app-development-banner.webp",
    "breadcrums": "IOS App Development Services",

    "heading_first": "Responsive and user-friendly iOS App Development Service",
    "paragraph": "<p>Whether you are searching for iPhone app development services, or else willing to erect an application that would work evenly well across all Apple devices, our capable iOS app developers will assist you each step of the way, from solution intend to delivery as well as ongoing maintenance.</p><p>We connect sound-engineering principles of software development united with two-decades of affluent expertise to convey bespoke iOS apps that connect, deliver, and surpass in the dynamic digital market.</p><p>MEDIATRENZ assists build receptive and revolutionary iOS applications despite of intricacy and business requirements. We realize top-notch end-to-end mobility solutions with instinctive designs, device-agnostic programming, and reliable performance.</p><p>As an iPad & iPhone app development business, our speciality spans across iOS development, app consultation, and precise interface design, app development with testing as well as support.</p>",
    "sub-paragraph": "<p>The apps you obtain will have consistency, consistency of knowledge and security of data. We utilize the following tech stack along with toolsets across our team – iOS SDK, Objective C, Swift, TestFlight, plus Crittercism among several others.</p><p>We provide a gamut of custom iPad & iPhone app development services for your each enterprise requirement. As a go-to strategic expertise partner, we cater to needs ranging from discussion to design & development of instinctive digital interfaces, accurate wireframes, custom applications, and nimble product builds for flawless end-to-end testing in the development lifecycle.</p>",
    "image_first_url": "/images2/ios-app-development-img1.webp",

    "heading_third": "CREATIVITY THAT PERFORM IN OUR WORK",
    "heading_sub_third": "OUR PORTFOLIO",

    "package_heading": "iOS Application Development Services",
    "package_cont": [
      {
        "num": "01",
        "packagelogo": "<i class='fi fi-tr-truck-arrow-right'></i>",
        "packagename": "Engineering And Delivery",
        "packagedesc": "Working with our designers, engineers as well as managers, you can be certain to obtain quality code, opportune delivery and a good position on Apple Store."
      },
      {
        "num": "02",
        "packagelogo": "<i class='fi fi-tr-thumbs-up-trust'></i>",
        "packagename": "Qa and Optimization",
        "packagedesc": "We employ genuine environment and devices to assessment your product and real usage data to provide improvements, optimization and scale-up."
      }
    ],

    "heading_fifth_sub_d": "BACKEND",
    "paragraph_fifth_sub": "<p>Apps that have to pact with sharing, analyzing as well as storing large amounts of information can’t continue living without a backend. MEDIATRENZ experts in server and database technologies work intimately with our mobile app development team to develop a vigorous backend that takes up all the multifaceted work off the app, leaving it lightweight and nimble. We provide iOS application development for the complete family of Apple devices — smartphones, tablets, TV along with smartwatches. Whether you are searching for the specialists to turn your business thought into a useful iOS application, to plan a sleek interface and flawless user experience, to offer high-end coding or else need complete-cycle iOS development services, MEDIATRENZ is the partner you require.</p><p>Utilizing more than a decade of knowledge in mobile development, we have had a possibility to design as well as develop iOS apps for diverse industries along with niches, including healthcare, energy, photography, sport, learning and travel.</p>",
    "img_url_fifth_sub": "/images2/ios-app-development-parallax-bg.webp",

    "heading_fifth": "UI/UX DESIGN",
    "paragraph_fifth": "<p>When it comes to ocular design, MEDIATRENZ is always on the similar page with Apple, so it’s simple for us to convene their anticipations. Our mobile app designers generate every app’s interface in observance with Apple’s UI criterions.</p><p>Transparent interface patterns in our iOS apps pledge flawless user experience. To put users in a total control of an app, MEDIATRENZ designers tune up navigation, criticism, verification, as well as other UX functionalities until interacting with the app senses as natural as breathing.</p>",
    "image_fifth_url": "/images2/ios-app-development-dev4.webp",

    "services": [
      {
        "num": "01",
        "link": "android-app-development-service.php",
        "servicename": "Android Apps Development",
        "servicedesc": "If there is one name that has become synonymous with mobile apps and smartphones then it must be that of Android.",
        "serviceicon": "<i class='fi fi-tr-tablet-android-alt'></i>"
      },
      {
        "num": "02",
        "link": "ios-app-development-service.php",
        "servicename": "IOS Apps Development",
        "servicedesc": "Helping Startups and Businesses around the globe develop next-gen iOS apps with cutting-edge technology.",
        "serviceicon": "<i class='fi fi-tr-tablet-android-alt'></i>"
      },
      {
        "num": "03",
        "link": "native-app-development-service.php",
        "servicename": "Native Apps Development",
        "servicedesc": "Build The Base For A Successful Future For Your Business Through Native Apps Development Services!",
        "serviceicon": "<i class='fi fi-tr-tablet-android-alt'></i>"
      },
      {
        "num": "04",
        "link": "hybrid-app-development-service.php",
        "servicename": "Hybrid Apps Development",
        "servicedesc": "Grow your business with custom mobile apps - get in touch with MEDIATRENZ for cross-platform mobile app development.",
        "serviceicon": "<i class='fi fi-tr-tablet-android-alt'></i>"
      }
    ]
  },
  {
    "id": 3,
    "meta_title": "Native App Development Company | Native App Developers India",
    "meta_description": "Hire native app developers from a top-rated native app development company in India & USA MEDIATRENZ. Contact us for native app development services.",
    "meta_keywords": "App development company in Noida,Native app development Service",
    "meta_og_title": "Native App Development Company | Native App Developers India",
    "meta_og_description": "Hire native app developers from a top-rated native app development company in India & USA MEDIATRENZ. Contact us for native app development services.",
    "meta_og_image": "https://mediatrenz.com/images2/native-app-development-banner.webp",
    "meta_og_url": "https://mediatrenz.com/native-app-development-service.php",

    "slug": "/native-app-development-service.php",
    "page_title": "Native App Development Services",
    "banner_image_url": "/images2/ios-app-development-banner.webp",
    "breadcrums": "Native App Development Services",

    "heading_first": "Craft the Base For A Victorious Future For Your Business Through Native Apps Development Services",
    "paragraph": "<p>If you are looking for an effectual method of making an impact on the digital market with your commerce strategies and services, then Native App Development is the ideal method to do so. Native applications are those apps, which are specially intended and developed according to a meticulous platform, which permits the use of the device-specific hardware as well as software. A Native app can operate the reserves that are precise to a agreed OS without having an unhelpful effect on other functionalities.</p><p>Consequently, if digitalization is what your business requirements, then MEDIATRENZ, a Native App Development company, is where you will discover all your solutions! MEDIATRENZ utilizes all the newest technologies that are accessible in the market to offer the best native app development services that can help you in optimizing your process performances.</p>",
    "image_first_url": "/images2/native-app-development-img1.webp",

    "heading_third": "CREATIVITY THAT PERFORM IN OUR WORK",
    "heading_sub_third": "OUR PORTFOLIO",

    "package_heading": "Superior Native App Development Services",
    "package_cont": [
      {
        "num": "01",
        "packagelogo": "<i class='fi fi-tr-shield-security-risk'></i>",
        "packagename": "Great performance",
        "packagedesc": "The performance of native apps is much quicker and more approachable as they straight interact with native APIs and components and have complete support for multithreading and hardware accelerations."
      },
      {
        "num": "02",
        "packagelogo": "<i class='fi fi-tr-dashboard'></i>",
        "packagename": "Better security",
        "packagedesc": "While web apps depend upon diverse browsers and underlying technologies, security and security of native apps are definite by the approval of an app store they were unconfined on."
      },
      {
        "num": "03",
        "packagelogo": "<i class='fi fi-ts-clipboard-user'></i>",
        "packagename": "User experience",
        "packagedesc": "Designing a native app you can be certain that UI elements will have the customary look and feel and will be positioned in harmony with the guidelines for the precise platform in order to make navigation smoother for consumers."
      },
      {
        "num": "04",
        "packagelogo": "<i class='fi fi-tr-features-alt'></i>",
        "packagename": "Fast new features integration",
        "packagedesc": "New software and hardware aspects offered by the device manufacturers along with operating systems are accessible for functioning in native apps instantly after the discharge and simply integrated."
      }
    ],

    "heading_fifth_sub_d": "Why Should You Choose MEDIATRENZ For Native Apps Development Services?",
    "paragraph_fifth_sub": "<p>We are a Native Application Development Agency who conveys the finest mobile experiences that can assist your business grow plus reach a broad audience. A few of our Native Apps Development services embrace designing as well as developing native applications for Android, iOS plus Windows mobile devices. These applications embrace the most striking features like multitasking, 3D Touch, Beacon Technology plus much more. Our Native services embrace iOS Development Services along with Android Development Services. The Native Apps Developers at MEDIATRENZ work hard to convey the most efficient as well as effectual platform that can improve your business ranking. They grow Native Mobile Applications that convey benefits such as earlier code performance, fast hardware loading that is simple to realize through native technologies, cross platform functionality with user-specific iOS, Android or else Windows UI and simple scalability. You can faith your impressive business in the hands of our Native Apps Development Services similar as Hybrid Apps Development Services. We offer post deployment services to assist maintain your application and keep it updated. Some of these embrace hardware and software compatibility verification, developing new application aspects according to novel device functionalities and offering fixed and upgrades for older features. Due to such services, MEDIATRENZ has become one of the most popular Native Apps development Services companies in today’s market.Native apps are perfect for consumer application. They provide a well-optimized performance and offer intuitive user experiences. We have unparalleled expertise in building perceptive, fully-functional, as well as high-performance mobile applications using industry finest practices. We then put them through precise testing methods to make sure a flawless experience for your users and a top-line expansion for you. What’s more, with our proficiency, you will be able to able to diminish the application on boarding time from months to days.</p>",
    "img_url_fifth_sub": "/images2/ios-app-development-parallax-bg.webp",

    "heading_fifth": "MOBILE APPLICATION DEVELOPMENT SERVICES FOR VARIOUS PLATFORMS",
    "paragraph_fifth": "<p>Native are specifically designed and developed according to a particular platform, which allows the use of the device-specific hardware and software. A Native app can utilize the resources that are specific to a given OS without having an adverse effect on other functionalities. We are a Native App Development Agency who delivers the best experiences that can help your business grow and reach a wide audience. A few of our Native Apps Development services include designing and developing native applications for Android, iOS and Windows mobile devices.</p>  ",
    "heading_sub_fifth": "If you are looking for an effective way of making an impact on the digital market with your business strategies and services, then Native App Development is the perfect way to do so.",
    "image_fifth_url": "/images2/native-app-development-dev4.webp",

    "services": [
      {
        "num": "01",
        "link": "android-app-development-service.php",
        "servicename": "Android Apps Development",
        "servicedesc": "If there is one name that has become synonymous with mobile apps and smartphones then it must be that of Android.",
        "serviceicon": "<i class='fi fi-tr-tablet-android-alt'></i>"
      },
      {
        "num": "02",
        "link": "ios-app-development-service.php",
        "servicename": "IOS Apps Development",
        "servicedesc": "Helping Startups and Businesses around the globe develop next-gen iOS apps with cutting-edge technology.",
        "serviceicon": "<i class='fi fi-tr-tablet-android-alt'></i>"
      },
      {
        "num": "03",
        "link": "native-app-development-service.php",
        "servicename": "Native Apps Development",
        "servicedesc": "Build The Base For A Successful Future For Your Business Through Native Apps Development Services!",
        "serviceicon": "<i class='fi fi-tr-tablet-android-alt'></i>"
      },
      {
        "num": "04",
        "link": "hybrid-app-development-service.php",
        "servicename": "Hybrid Apps Development",
        "servicedesc": "Grow your business with custom mobile apps - get in touch with MEDIATRENZ for cross-platform mobile app development.",
        "serviceicon": "<i class='fi fi-tr-tablet-android-alt'></i>"
      }
    ]
  },
  {
    "id": 4,
    "meta_title": "Hybrid App Development Company | Hybrid App Developers India",
    "meta_description": "Being a hybrid app development company in India, MEDIATRENZ provides experienced & dedicated hybrid app developers in India & USA. Click here to hire us.",
    "meta_keywords": "Hybrid App Development Services, Hybrid App development company",
    "meta_og_title": "Hybrid App Development Company | Hybrid App Developers India",
    "meta_og_description": "Being a hybrid app development company in India, MEDIATRENZ provides experienced & dedicated hybrid app developers in India & USA. Click here to hire us.",
    "meta_og_image": "https://mediatrenz.com/images2/hybrid-app-development-banner.webp",
    "meta_og_url": "https://mediatrenz.com/hybrid-app-development-service.php",

    "slug": "/hybrid-app-development-service.php",
    "page_title": "Hybrid App Development Services",
    "banner_image_url": "/images2/hybrid-app-development-banner.webp",
    "breadcrums": "Hybrid App Development Services",

    "heading_first": "Aesthetic and valuable Hybrid App Development",
    "paragraph": "<p>Enterprise mobility plus alliance are gradually more becoming a major focus area for companies. From that viewpoint, it has become more vital than ever before for companies to be present where their stakeholders are. That signifies enterprises need to be effortlessly accessible across multiple devices along with platforms. With smartphones along with tablets reaching more and more hands, mobile apps seems the most rational way ahead.</p><p>However, the huge query companies need to address is the kind of mobile app finest suited to their businesses –native, hybrid or else web apps. While native and web apps are huge bets, hybrid apps sit efficiently between the two and are ideal for companies looking at a lucrative and rapid deployment solution across several platforms.</p><p>As the name recommends, hybrid apps provide the finest of both – native as well as web – worlds to customers. In the hybrid app development method, the code is written in cross-platform web technologies, along with admission to native aspects as per need.</p>",
    "image_first_url": "/images2/hybrid-app-development-img1.webp",
    "sub-paragraph": "<p>This allows hybrid apps to influence all the phone’s features such as accelerometers along with camera which is not probable with web apps.<p>Should you consider hybrid app development? We bet you should! Professionals predict that half of all the business mobile apps will be hybrid by 2016. With several technologies such as android, iOS, among others in the fray, it makes ideal sense to offer your stakeholders the finest experience on all the platforms accessible.</p><p>Some individuals still think native apps provide the finest value to consumers. While native apps do proffer faster performance and speed as paralleled to hybrid and web apps, they are considerably more expensive and multifaceted to develop and manage. The native apps required being rewritten every time for diverse platforms. Thus, the path to market is a lot longer in case of these apps. As far as web applications are alarmed, they do not match up to the presentation of native and hybrid apps, but are a lot simpler and gainful to develop. No wonder then that hybrid mobile apps gradually more seem to the favoured way out for consumers.</p><p>We at MEDIATRENZ appreciate the worries of businesses trying to develop mobile apps. Having helped frequent businesses discover the ideal fit in terms of performance, time and budget, you can depend upon us to provide the finest solution for your business. We suggest hybrid apps for you if you desire great speed along with faster deployment time. Utilizing great tools, we build potent hybrid apps that will assist you reach clients across platforms rapidly, without compromising on user experience.</p>",

    "heading_third": "CREATIVITY THAT PERFORM IN OUR WORK",
    "heading_sub_third": "OUR PORTFOLIO",

    "package_heading": "Superior Native App Development Services",
    "package_cont": [
      {
        "num": "01",
        "packagelogo": "<i class='fi fi-ts-ui-ux'></i>",
        "packagename": "Attractive UX/UI",
        "packagedesc": "Our designers create a Hybrid app that is aesthetically attracting and responsive."
      },
      {
        "num": "02",
        "packagelogo": "<i class='fi fi-tr-internet-speed-wifi'></i>",
        "packagename": "Fast Speed",
        "packagedesc": "The Hybrid application that we generate loads faster and offers seamless functionality. They are competent without the support of network communication."
      },
      {
        "num": "03",
        "packagelogo": "<i class='fi fi-ts-barcode-scan'></i>",
        "packagename": "Latest technology",
        "packagedesc": "We have proficient staffs who keep themselves updated all the time with the newest trends as well as technology."
      },
      {
        "num": "04",
        "packagelogo": "<i class='fi fi-tr-house-laptop'></i>",
        "packagename": "Quality Work",
        "packagedesc": "We provide a first-class Hybrid application development service that makes sure the growth of your business."
      }
    ],

    "heading_fifth_sub": "We Make Native Alike Hybrid Apps on Latest Cross-platform Frameworks",
    "paragraph_fifth_sub": "<p>Counted among the best hybrid app development organizations in India, MEDIATRENZ is a professional web & mobile app development service provider. We offer custom hybrid app development services for businesses and startups to engage users effectively. In the hybrid app development approach, the code is written in cross-platform web technologies like JavaScript, Html, etc, along with access to native features as per requirement.</p><p>Our team of hybrid app developers incorporates qualified UX designers, visual designers, and software engineers with deep expertise in mobile web development technologies. Having significant strength of dedicated professionals, we ensure 100% customized hybrid mobile applications that work efficiently across multiples devices.</p>",
    "heading_fifth_sub_second": "As a hybrid app development company, we combine the best of the web and native apps to develop high-performance cross-platform mobile apps that behave like native on iOS, Android and Windows mobile platforms.",
    "img_url_fifth_sub": "/images2/hybrid-app-development-parallax-bg.webp",

    "heading_fifth": "Get Hybrid App Development Services with High-Performance",
    "paragraph_fifth": "<p>Hybrid application development employs native app features and capabilities and also serves to put companies and developers on the path towards the adoption of HTML5 mobile app development. Basically a hybrid app is a native app that runs most, if not all, of its user interface in an embedded browser component. To users, native apps and hybrid are nearly indistinguishable from one another: both are downloaded from a place like Apple’s App Store or Google’s Play, both are stored on a mobile device, and both are launched in the same way.</p>",
    "heading_sub_fifth": "MEDIATRENZ is a renowned Hybrid app development company. We have a record of developing 100+ Hybrid mobile apps with modern technologies.",
    "image_fifth_url": "/images2/hybrid-app-development-dev4.webp",

    "services": [
      {
        "num": "01",
        "link": "android-app-development-service.php",
        "servicename": "Android Apps Development",
        "servicedesc": "If there is one name that has become synonymous with mobile apps and smartphones then it must be that of Android.",
        "serviceicon": "<i class='fi fi-tr-tablet-android-alt'></i>"
      },
      {
        "num": "02",
        "link": "ios-app-development-service.php",
        "servicename": "IOS Apps Development",
        "servicedesc": "Helping Startups and Businesses around the globe develop next-gen iOS apps with cutting-edge technology.",
        "serviceicon": "<i class='fi fi-tr-tablet-android-alt'></i>"
      },
      {
        "num": "03",
        "link": "native-app-development-service.php",
        "servicename": "Native Apps Development",
        "servicedesc": "Build The Base For A Successful Future For Your Business Through Native Apps Development Services!",
        "serviceicon": "<i class='fi fi-tr-tablet-android-alt'></i>"
      },
      {
        "num": "04",
        "link": "hybrid-app-development-service.php",
        "servicename": "Hybrid Apps Development",
        "servicedesc": "Grow your business with custom mobile apps - get in touch with MEDIATRENZ for cross-platform mobile app development.",
        "serviceicon": "<i class='fi fi-tr-tablet-android-alt'></i>"
      }
    ]
  }
]
