[
  {
    "id": 1,
    "meta_title": "Affordable SEO Service & Marketing Packages India",
    "meta_description": "Explore our affordable SEO packages in India. Tailored search engine optimization packages & ecommerce SEO packages for maximum online visibility.",
    "meta_keywords": "Search Engine Optimization Packages,Affordable SEO packages India",
    "meta_og_title": "Affordable SEO Packages India | SEO Prime Packages",
    "meta_og_description": "MEDIATRENZ is offering an affordable SEO package in India. We have a variety of SEO packages available to our clients. Click to know our prime SEO package.",
    "meta_og_image": "",
    "meta_og_url": "",
    "slug": "/seo-packages.php",
    "page_title": "SEO Packages",
    "banner_image_url": "/images2/seopackage-banner.webp",
    "breadcrums": "SEO Packages",
    "first_para": "<p>Our all SEO Plans are smartly designed and they come with a guarantee to rank a definite percentage of keywords on the top pages. So, when you are with MEDIATRENZ, you don’t need to be concerned about whether your vital keyword will arrive on the top pages or not. We are committed to your growth and success. We  strive to deliver the best results to you.</p>",
    "plan": [
      {
        "number": "1",
        "title": "<h4 class='text-uppercase'>SEO Packages</h4>",
        "keyword": "Keywords Plan"
      },
      {
        "number": "2",
        "img": "<img src='images2/production.webp' alt='SEO Packages'>",
        "title": "<h2 class='text-uppercase'>SEO Starter</h2>",
        "price": "<h1><sup>$</sup>349<small>/mo</small></h1>",
        "keyword": "<p><strong>20 Keywords</strong></p>",
        "paybtn": "<a href='https://buy.stripe.com/6oE4jQ7yhfjCbV6003' target='_blank' class='btn btn-maincolor'>Order Now</a>",
        "paybtn2": "<a href='https://buy.stripe.com/dR66rE02qbCRfew5kk' target='_blank' class='btn btn-maincolor'>Order Now</a>"
      },
      {
        "number": "3",
        "img": "<img src='images2/p-starter.webp' alt='SEO Starter Packages'>",
        "title": "<h2 class='text-uppercase'>SEO Booster</h2>",
        "price": "<h1><sup>$</sup>599<small>/mo</small></h1>",
        "keyword": "<p><strong>40 Keywords</strong></p>",
        "paybtn": "<a href='https://buy.stripe.com/3cs9Ea2dXdbu9MYeUY' target='_blank' class='btn btn-maincolor'>Order Now</a>",
        "paybtn2": "<a href='https://buy.stripe.com/eVa6rEeXk5et4zSbIJ' target='_blank' class='btn btn-maincolor'>Order Now</a>"
      },
      {
        "number": "4",
        "img": "<img src='images2/p-booster.webp' alt='SEO Booster Packages'>",
        "title": "<h2 class='text-uppercase'>SEO Speed</h2>",
        "price": "<h1><sup>$</sup>999<small>/mo</small></h1>",
        "keyword": "<p><strong>80 Keywords</strong></p>",
        "paybtn": "<a href='https://buy.stripe.com/bIYcQm2dXgnGf7i005' target='_blank' class='btn btn-maincolor'>Order Now</a>",
        "paybtn2": "<a href='https://buy.stripe.com/7sI5nAg1ogXbfew4gi' target='_blank' class='btn btn-maincolor'>Order Now</a>"
      },
      {
        "number": "5",
        "img": "<img src='images2/p-speed.webp' alt='SEO Speedup Packages'>",
        "title": "<h2 class='text-uppercase'>SEO edge</h2>",
        "price": "<h1><sup>$</sup>1299<small>/mo</small></h1>",
        "keyword": "<p><strong>100 Keywords</strong></p>",
        "paybtn": "<a href='https://buy.stripe.com/cN25nUbOx2wQ5wI5kq' target='_blank' class='btn btn-maincolor'>Order Now</a>",
        "paybtn2": "<a href='https://buy.stripe.com/4gwcQ2aH47mB2rK3cf' target='_blank' class='btn btn-maincolor'>Order Now</a>"
      },
      {
        "number": "6",
        "img": "<img src='images2/p-premium.webp' alt='SEO Premium Packages'>",
        "title": "<h2 class='text-uppercase'>SEO Prime</h2>",
        "price": "<h1><sup>$</sup>1499<small>/mo</small></h1>",
        "keyword": "<p><strong>120 Keywords</strong></p>",
        "paybtn": "<a href='https://buy.stripe.com/14k2bI2dX6N6f7i007' target='_blank' class='btn btn-maincolor'>Order Now</a>",
        "paybtn2": "<a href='https://buy.stripe.com/aEU17kcPc7mB6I0dQU' target='_blank' class='btn btn-maincolor'>Order Now</a>"
      }
    ],
    "fbsec_bg_img": "/images2/3.webp",
    "fbsec_heading": "MEDIATRENZ – Addressing Custom SEO Plans And Packages To Match Your Needs",
    "fbsec_para": "<p class='mb-2'>SEO packages from MEDIATRENZ consist of a group of SEO services to serve the unpaid or organic internet marketing demands of any business. The sole purpose of this package is to aid businesses by marketing them on the digital web by increasing website traffic, search rankings, and visibility. </p><p class='mb-2'>Most businesses might find it challenging to pick up the right SEO package. But, we have simplified the process for you by starting affordable SEO packages from the initial stages.</p> <p class='mb-2'>Our local SEO packages are perfect for those firms that plan to cover businesses locally. In case you make plans to target local customers in nearby or existing areas, our Local SEO plan might be the one for you. Through this package, your business gets the chance to reach more leads locally, which will convert faster and do businesses on a long-term basis.</p>",
    "fbsec_para2": "<div class='item pinkbg'><p class='mb-2'>With the help of local listing, Google Business profile, and more, we get the chance to drive the most targeted local traffic and take local SEO efforts to a new platform.</p><p class='mb-2'>Then we have the national SEO package, which is great if you are looking for B2B or enterprise leads. It is highly profitable if your main goal is to get hold of overseas business attractions. We have taken targeted steps for your business to help attain a national audience with effective SEO pricing.</p><p class='mb-2'>We even have the SEO package dedicated to the e-commerce society. It helps our products to rank faster and improves the potential growth rate of e-commerce websites. Whether you are making plans to sell just one product or planning for a full inventory, the e-commerce SEO packages will help you to get to the core of the values. But, if you want to grow your business in India, make sure to check out all the variations we have before selecting the right Custom SEO plans and packages for your use.</p>",
    "package_heading": "The SEO packages we have:",
    "package_para1": "Before you move any further, it is important to check out the kinds of SEO packages we have listed out for multiple businesses. We have five different packages, and each one comes with a unique set of features to help define your business more among the potential crowd.",
    "package_cont": [
      {
        "num": "01",
        "packagelogo": "<i class='fi fi-tr-discover'></i>",
        "packagename": "SEO starter:",
        "packagedesc": "Available at $349 per month, it has 20 keywords, with in-depth site analysis, RSS feed checks, website SSL check, manual spam check, google penalty check, internal linking check, initial backlinks analysis, and more."
      },
      {
        "num": "02",
        "packagelogo": "<i class='fi fi-ts-ux-browser'></i>",
        "packagename": "SEO booster:",
        "packagedesc": "We have this package at $599 per month. It has 40 keywords with all the services from the SEO starter plan, along with broken link check and competition analysis as added points."
      },
      {
        "num": "03",
        "packagelogo": "<i class='fi fi-ts-site-alt'></i>",
        "packagename": "SEO speed:",
        "packagedesc": "This package will cost you around $999 per month, with 80 keywords included in the pack. Apart from that, you will receive everything as mentioned in the SEO booster plan."
      },
      {
        "num": "04",
        "packagelogo": "<i class='fi fi-ts-url'></i>",
        "packagename": "SEO Edge:",
        "packagedesc": "It will have all the services as mentioned in SEO speed but with 100 keywords. The rate will be $1299 per month. A single click will help you to order this package."
      },
      {
        "num": "05",
        "packagelogo": "<i class='fi fi-ts-it-alt'></i>",
        "packagename": "SEO Prime:",
        "packagedesc": "This is our final package, which will cost you around $1499 per month. It will include all the features as mentioned in the other plans. The only difference is that it has 120 keywords to complete the package."
      },
      {
        "num": "06",
        "packagedesc": "From us, you get the chance to enjoy Affordable SEO packages in India that is hard to come across from anywhere else. Being associated with the field of digital marketing for a long time, we know the kind of SEO services businesses are looking for. Based on that, we have the ultimate solutions for you. We have crafted the packages in such a manner, which will help you to get the features much as you have asked for."
      }
    ],
    "fulsersec_img": "/images2/fbadsbg.webp",
    "fulsersec_heading": "Why invest in our SEO packages at MEDIATRENZ?",
    "fulsersec_para": "<p>Right now, with so many active digital mediums, SEO needs have risen to a whole new level. Even though there is a competitive environment, companies are in need of SEO and SMO packages in India to enhance their digital presence and get high-end values as a result.</p><p>Our SEO packages come in handy with SEO audit, content marketing, link building, and more. So, in no time, we will be able to outperform your competitors with our Search engine optimization packages India. So, give us a call now or book any one of the packages that seem to be the perfect fit.</p>"
  },
  {
    "id": 2,
    "meta_title": "SMO Packages in India | Social Media Marketing Packages",
    "meta_description": "We are the best SMO company in Delhi NCR. We provide you best SMO package or social media marketing package according to your business needs.",
    "meta_keywords": "Social Media Optimization packages in India,SMO Packages in India , SMO Company Delhi NCR",
    "meta_og_title": "SMO Packages in India | Social Media Marketing Packages",
    "meta_og_description": "We are the best SMO company in Delhi NCR. We provide you best SMO package or social media marketing package according to your business needs.",
    "meta_og_image": "",
    "meta_og_url": "",
    "slug": "/smo-packages.php",
    "page_title": "SMO Packages",
    "banner_image_url": "/images2/smo-package-banner.webp",
    "breadcrums": "SMO Packages",
    "first_para": "<p>With our robust SMO packages, business can assure enhanced branding, along with an active social media presence for clients. By choosing the best social media package companies can scale their business by connecting with fresh audiences and convert them into regular customers. Our team adheres to all social media regulations and compliances to expand your social media handles and bring maximum leads to the business.</p>",
    "plan": [
      {
        "number": "1",
        "title": "<h4 class='text-uppercase'>SMO Packages</h4>"
      },
      {
        "number": "2",
        "img": "<img src='images2/production.webp' alt='SMO Packages'>",
        "title": "<h2 class='text-uppercase'>SMO SILVER</h2>",
        "price": "<h1><sup>$</sup>280<small>/mo</small></h1>",
        "paybtn": "<a href='https://buy.stripe.com/00geYu6ud9Zif7ieV2' target='_blank' class='btn btn-maincolor'>Order Now</a>",
        "paybtn2": "<a href='https://buy.stripe.com/5kA17k6qO7mB8Q85kr' target='_blank' class='btn btn-maincolor'>Order Now</a>"
      },
      {
        "number": "3",
        "img": "<img src='images2/p-starter.webp' alt='Starter Packages'>",
        "title": "<h2 class='text-uppercase'>SMO GOLD</h2>",
        "price": "<h1><sup>$</sup>480<small>/mo</small></h1>",
        "paybtn": "<a href='https://buy.stripe.com/00gbMibOx7Ra2kw5kt' target='_blank' class='btn btn-maincolor'>Order Now</a>",
        "paybtn2": "<a href='https://buy.stripe.com/cN28zM5mK8qFfew4go' target='_blank' class='btn btn-maincolor'>Order Now</a>"
      },
      {
        "number": "4",
        "img": "<img src='images2/p-booster.webp' alt='SEO Booster Packages'>",
        "title": "<h2 class='text-uppercase'>SMO PLATINUM</h2>",
        "price": "<h1><sup>$</sup>780<small>/mo</small></h1>",
        "paybtn": "<a href='https://buy.stripe.com/5kA5nU7yhc7q8IU8wG' target='_blank' class='btn btn-maincolor'>Order Now</a>",
        "paybtn2": "<a href='https://buy.stripe.com/3cs3fseXkbCR5DW14d' target='_blank' class='btn btn-maincolor'>Order Now</a>"
      },
      {
        "number": "5",
        "img": "<img src='images2/p-premium.webp' alt='SEO Speedup Packages'>",
        "title": "<h2 class='text-uppercase'>SMO DIAMOND</h2>",
        "price": "<h1><sup>$</sup>1180<small>/mo</small></h1>",
        "paybtn": "<a href='https://buy.stripe.com/bIYg2y9Gpb3m1gs7sD' target='_blank' class='btn btn-maincolor'>Order Now</a>",
        "paybtn2": "<a href='https://buy.stripe.com/cN2dU62ay9uJc2kaEO' target='_blank' class='btn btn-maincolor'>Order Now</a>"
      }
    ]
  },
  {
    "id": 3,
    "meta_title": "Affordable Local SEO Packages | GMB & Local Business SEO Plans",
    "meta_description": "Boost your business with our local SEO packages. Get tailored GMB plans and local SEO solutions designed to improve your online visibility. Get Quote",
    "meta_keywords": "Local SEO Packages,Local SEO services",
    "meta_og_title": "Local SEO Packages | Packages For Local SEO | Local SEO",
    "meta_og_description": "We are offering local SEO package for local businesses so their business is listed in google local listing India and can be promoted under google my business.",
    "meta_og_image": "",
    "meta_og_url": "",
    "slug": "/local-seo-packages.php",
    "page_title": "GMB Packages",
    "banner_image_url": "/images2/lseo-package-banner.webp",
    "breadcrums": "GMB Packages",
    "first_para": "<p>If you are dreaming to boost your local search engine presence, we can help you comprehend your dream in true manner without having you cross your budget line. Our GMB Packages will aid you to avail top notch <a href='/local-seo-services.php'>local search engine optimization services</a> at a reasonable cost.</p><p>We provide the high-quality SEO capability to each of our customers whether they are startups, well renowned or the global enterprises. The only distinction in the services we offer is that we resize them as per the particular location and budget of our clients so that we may completely prove true to their expectations and offer them the optimal satisfaction they want.</p><p>Our Local Business SEO Packages are efficiently designed to boost local search rankings of several kinds of businesses and increase their traffic and sales. Get started today with our preeminent local SEO plans and see the difference yourself in your business growth.</p>",
    "heading_second": "Local SEO Packages",
    "plan": [
      {
        "number": "1",
        "title": "<h4 class='text-uppercase'>GMB Packages</h4>",
        "keyword": "Keywords Plan"
      },
      {
        "number": "2",
        "img": "<img src='images2/production.webp' alt='SEO Packages'>",
        "title": "<h2 class='text-uppercase'>GMB SILVER</h2>",
        "price": "<h1><sup>$</sup>200<small>/mo</small></h1>",
        "keyword": "<p><strong>2 Keywords</strong></p>",
        "paybtn": "<a href='https://buy.stripe.com/14keYu7yh8Ve9MYeV6' target='_blank' class='btn btn-maincolor'>Order Now</a>",
        "paybtn2": "<a href='https://buy.stripe.com/9AQ9DQaH4bCR7M44gr' target='_blank' class='btn btn-maincolor'>Order Now</a>"
      },
      {
        "number": "3",
        "img": "<img src='images2/p-starter.webp' alt='SEO Starter Packages'>",
        "title": "<h2 class='text-uppercase'>GMB GOLD</h2>",
        "price": "<h1><sup>$</sup>350<small>/mo</small></h1>",
        "keyword": "<p><strong>5 Keywords</strong></p>",
        "paybtn": "<a href='https://buy.stripe.com/4gw7w205Pb3mcZa4gt' target='_blank' class='btn btn-maincolor'>Order Now</a>",
        "paybtn2": "<a href='https://buy.stripe.com/dR62bo8yWeP37M47sE' target='_blank' class='btn btn-maincolor'>Order Now</a>"
      },
      {
        "number": "4",
        "img": "<img src='images2/p-booster.webp' alt='SEO Booster Packages'>",
        "title": "<h2 class='text-uppercase'>GMB PLATINUM</h2>",
        "price": "<h1><sup>$</sup>500<small>/mo</small></h1>",
        "keyword": "<p><strong>10 Keywords</strong></p>",
        "paybtn": "<a href='https://buy.stripe.com/cN203A4m57Raf7i7sG' target='_blank' class='btn btn-maincolor'>Order Now</a>",
        "paybtn2": "<a href='https://buy.stripe.com/4gwbLYeXk7mBc2k9AN' target='_blank' class='btn btn-maincolor'>Order Now</a>"
      }
    ],
    "ormsec2_heading": "MORE ABOUT OUR GMB PACKAGES:",
    "ormsec2_para": "<p>Localized SEO is a procedure of making your company visible for the location-based markets. Businesses with licensed physical locations and serving communities directly can increase search visibility with this process. It can be anything from a salon to a departmental store and more.</p><p>Our Local SEO packages will further bring in service-based businesses, focusing on a particular geographical area like plumber, electrician, doctor, home cleaning firm, lawyer, and more. The local audiences will start noticing your business more.</p><p>Right from claiming the business listing to building citations, managing online reviews to local social media engagement, our Local SEO package will take charge of it all. We will shift the entire focus of local searches towards your brand name.</p><p>Join us at MEDIATRENZ for battle-tested GMB Packages designed for increased profit, premium customer traffic, and better leads! Moreover, if you are aiming for Google local listing India, we will be by your side, guiding you through the entire process with ease. When you have our experts beside you, there is no need to worry about your business’s local growth anymore!</p>",
    "ormsec2_img": "<img src='images2/ormimg2.webp' alt='ORM Services' />",
    "ormsec3_img": "/images2/analysis2.webp",
    "ormsec3_heading": "THE LOCAL SEO PACKAGES WE OFFER:",
    "ormsec3_para": "<p mb-2>We would like to welcome you to check out our GMB packages. There are three different sections available and each with a separate price point. </p><p class='mb-0 paragraph'><strong>GMB Silver Package: </strong> We have the GMB Silver package at $200 per month. This section will include 2 keywords. Under the initial planning category, you will receive Preliminary Keyword Ranking Report, Preliminary Competitive Analysis, and Keyword Phrase Research &amp; Recommendation.</p><p class='mb-0 paragraph'>Under onsite optimization, you will have title tag, header tag, Google Analytics, URL structure, image, link, footer, and content optimization services. You get to create, clean, or even consolidate one Google places page under this package. Moreover, you can edit and upload data to complete places pages. </p><p class='mb-0 paragraph'><strong>GMB Gold:</strong> This is one of our premium packages, where you will get all the services included within the GMB Silver package. The rate is high because of the number of keywords included. In place of 2 keywords, here you will get 5 keywords within the pack, and it will cost you around $350 per month.</p><p class='mb-0 paragraph'><strong>GMB Platinum:</strong> This is our last and most expensive GMB Package available. It will have all the stated features as included in GMB Silver and GMB Gold, but with 10 keywords instead of 2 or 5. The cost of this package will be $500 per month. </p>",
    "ormsec4_heading": "WE HAVE A CLIENT-MANAGED GMB PACKAGE:",
    "ormsec4_para": "<p mb-2>Unlike other firms, we at MEDIATRENZ will offer you client-managed local SEO services. Now you must be wondering why. Let’s get right into the details for that.</p><ul class='bullet-style2 half new2'><li><i class='fi fi-bs-check-circle'></i>With our client-centric GMB Package, you will have total control of your SEO campaign. It helps in the improvement process.</li><li><i class='fi fi-bs-check-circle'></i>If you are not interested in hiring an agency full-time for managing local SEO, our client-managed local SEO is a great option for you.</li><li><i class='fi fi-bs-check-circle'></i>Maybe you have just started with the local SEO, and you have the best experience with strategy. If so, then count us in for the service.</li><li><i class='fi fi-bs-check-circle'></i>Sometimes, you might have a local SEO campaign and are interested in taking it over. If so, then our client-managed local SEO is the right option to venture in.</li></ul><p mt-2>We are ready to offer only the best client-managed local SEO services for an end number of locations. So, you get the chance to manage extensive portions of the said campaign right on your own. You will have access to our software as well. For any other queries regarding the Local SEO Packages, don’t forget to give us a call!</p>",
    "ormsec4_img": "<img src='images2/fbadsimg4.webp' alt='Facebook Ads' />",
    "fulsersec_img": "/images2/seoser-parallax-bg.webp",
    "fulsersec_heading": "JOIN US FOR GMB PACKAGES FOR GROWING COMPANIES",
    "fulsersec_para": "<p class='mb-0'>Do you think you are getting enough leads or calls for your local business? If the answer is negative, then get ready to improve and expand your business locally by strengthening online visibility. How can you do that? Join us at MEDIATRENZ, where we work on the GMB Packages to boost your business’s current credibility and attract maximum crowds towards your side.</p>"
  },
  {
    "id": 4,
    "meta_title": "Online Reputation Management Packages India | ORM Pricing",
    "meta_description": "Our Online Reputation Management Packages in India - ORM Silver, ORM Gold, ORM Platinum & ORM Diamond. You have the option to choose the plan that suits your business.",
    "meta_keywords": "ORM packages india,Online reputation management packages india,",
    "meta_og_title": "Online Reputation Management Packages India | ORM Pricing",
    "meta_og_description": "Our Online Reputation Management Packages in India - ORM Silver, ORM Gold, ORM Platinum & ORM Diamond. You have the option to choose the plan that suits your business.",
    "meta_og_image": "",
    "meta_og_url": "",
    "slug": "/orm-packages.php",
    "page_title": "ORM Packages India",
    "banner_image_url": "/images2/ormpackage-banner.webp",
    "breadcrums": "ORM Packages India",
    "first_heading": "Online Reputation Management Packages India",
    "first_subheading": "<strong>Get Professional ORM Services &amp; Packages India</strong>",
    "first_para": "<p><strong>Our ORM Packages India -</strong> MEDIATRENZ offers affordable ORM packages India and pricing for all sizes of business. It is said that a good reputation is the thing that an organization or else a company ought to have. In this time WWW has been used by everyone to get any sort of information and it is observed that people tend to trust any information they can get from the internet.</p><p>When negative reviews are articulated on the Web, the after effects of these posts can destroy one’s online reputation. Once you are on the WWW, it is difficult to organize what is being said about your brand, products or else services, you need a dedicated team continually working to manage your reputation online by reading, checking and responding to the positive and negative reactions of your customers in an appropriate and suitable method.</p><p>This is where our ORM Packages India can help; we work on your keywords as well as phrases to be monitored along with many other linked activities included in our ORM Packages India.</p>",
    "plan": [
      {
        "number": "1",
        "title": "<h4 class='text-uppercase'>ORM Packages</h4>"
      },
      {
        "number": "2",
        "img": "<img src='images2/production.webp' alt='ORM Packages'>",
        "title": "<h2 class='text-uppercase'>ORM Silver</h2>",
        "price": "<h1><sup>$</sup>380<small>/mo</small></h1>",
        "paybtn": "<a href='https://buy.stripe.com/14keYu19Tc7q5wI6oD' target='_blank' class='btn btn-maincolor'>Order Now</a>",
        "paybtn2": "<a href='https://buy.stripe.com/5kA6rEg1o5etc2kdR4' target='_blank' class='btn btn-maincolor'>Order Now</a>"
      },
      {
        "number": "3",
        "img": "<img src='images2/p-starter.webp' alt='ORM Packages'>",
        "title": "<h2 class='text-uppercase'>ORM Gold</h2>",
        "price": "<h1><sup>$</sup>680<small>/mo</small></h1>",
        "paybtn": "<a href='https://buy.stripe.com/5kAbMi4m5b3mgbmdR6' target='_blank' class='btn btn-maincolor'>Order Now</a>",
        "paybtn2": "<a href='https://buy.stripe.com/00gcQ2bL80Yd8Q86oD' target='_blank' class='btn btn-maincolor'>Order Now</a>"
      },
      {
        "number": "4",
        "img": "<img src='images2/p-booster.webp' alt='ORM Packages'>",
        "title": "<h2 class='text-uppercase'>ORM Platimun</h2>",
        "price": "<h1><sup>$</sup>980<small>/mo</small></h1>",
        "paybtn": "<a href='https://buy.stripe.com/bIYcQm2dXgnGf7i005' target='_blank' class='btn btn-maincolor'>Order Now</a>",
        "paybtn2": "<a href='https://buy.stripe.com/6oE17k3eCcGVfew5kA' target='_blank' class='btn btn-maincolor'>Order Now</a>"
      },
      {
        "number": "5",
        "img": "<img src='images2/p-speed.webp' alt='ORM Packages'>",
        "title": "<h2 class='text-uppercase'>ORM Diamond</h2>",
        "price": "<h1><sup>$</sup>1280<small>/mo</small></h1>",
        "paybtn": "<a href='https://buy.stripe.com/4gw8A68Cl5J2e3e5kC' target='_blank' class='btn btn-maincolor'>Order Now</a>",
        "paybtn2": "<a href='https://buy.stripe.com/5kA9DQ16u0Yd6I05kB' target='_blank' class='btn btn-maincolor'>Order Now</a>"
      }
    ],
    "ormsec2_heading": "ORM Packages India – Keeping A Check On Your Brand’s Reputation",
    "ormsec2_para": "<p>The time has come when you need to measure, monitor, and manage your brand’s online health, and that’s when the Online Reputation Management packages come in handy. We, at MEDIATRENZ, will provide you with the best Online Reputation management packages in India, which are affordable and will offer you the best services possible.</p><ul class='bullet-style5'><li><i class='fi fi-bs-check-circle'></i>We will be gathering online reviews and buzz about the brand from multiple review sites.</li><li><i class='fi fi-bs-check-circle'></i>You can also get the customer testimonials and then upload them on the social media platform. </li><li><i class='fi fi-bs-check-circle'></i>We will be countering negative posts and then comments about protecting online reputation.</li><li><i class='fi fi-bs-check-circle'></i>We are here to monitor and manage regularly so that the reputation of your brand remains healthy all the time.</li></ul>",
    "ormsec2_img": "<img src='images2/cpimg2.webp' alt='Local Seo Services Delhi' />",
    "fbsec_bg_img": "/images2/3.webp",
    "fbsec_heading": "Bringing ORM services by your side always:",
    "fbsec_para": "<p class='mb-2'>Business-centric reputation management forms a significant part of corporate strategy as it helps in building and then maintaining the trust that customers would love to have in the said business. With the internet taking the front seat in the present time, online reputation is pretty important.  </p><p class='mb-2'>Illegal content on hate sites, negative reviews, and media coverage are some of the challenges that businesses will come across. It is essential to protect their images online from being tarnished by the negative reviews and testimonials over the world internet.</p><p class=mb-2'>Our team at MEDIATRENZ is here to offer a wide range of digital-based marketing solutions, among which ORM is one of the major packages we have in store. We will enable the clients to overcome negative reputations and then create a positive image for the services, products, and brands. We are here to offer result-based ORM strategies to encompass the following:</p>",
    "fbsec_para2": "<div class='item greenbg'><ul class='bullet-style2 textwh'><li><i class='fi fi-bs-check-circle'></i>We are here to monitor your online reputation management consistently.</li><li><i class='fi fi-bs-check-circle'></i>Make sure to enhance the interactions with your potential customers through our Online Reputation management packages India.</li><li><i class='fi fi-bs-check-circle'></i>We will help you in the task of promoting your brand image for that positive impact right there.</li><li><i class='fi fi-bs-check-circle'></i>Our team is well-trained to influence the SERP results and to deal with the negative posts out there.</li></ul></div>",
    "package_heading": "Check-in with the types of packages:",
    "package_para1": "Before you proceed further, it is time to learn more about the ORM Packages India we have for you. We have segmented the options under four different sessions, making it easier to choose the package you want.",
    "package_cont": [
      {
        "num": "01",
        "packagelogo": "<i class='fi fi-tr-discover'></i>",
        "packagename": "ORM silver:",
        "packagedesc": "Pay $380 per month for this package. Here, you have 1 article writing, 1 PR writing, 1 blog post writing, and 1 web 2.0 content to complete the package."
      },
      {
        "num": "02",
        "packagelogo": "<i class='fi fi-ts-ux-browser'></i>",
        "packagename": "ORM Gold:",
        "packagedesc": "This is the next package, which will cost you around $680 per month. Here, you will set 2 numbers of articles, PR, blog posts, and web 2.0 content. It forms a significant part of our package."
      },
      {
        "num": "03",
        "packagelogo": "<i class='fi fi-ts-site-alt'></i>",
        "packagename": "ORM Platinum:",
        "packagedesc": "With a payment of $980 per month, you can grab our Online Reputation Management Platinum platform. Here, you will receive 4 articles, 3 PRs, 4 blog posts, 3 webs 2.0 content, 1 guest post content, and 1 PDF writing to complete the package."
      },
      {
        "num": "04",
        "packagelogo": "<i class='fi fi-ts-url'></i>",
        "packagename": "ORM Diamond:",
        "packagedesc": "This is the last of our ORM Packages India that you might want to give out a try for comprehensive help. It will cost you around $1280 per month. Here, you get to write 5 articles, 4 PR writing, 5 blog posts, 4 webs 2.0 content writing, 2 guest post contents, and 2 PDF writing."
      }
    ],
    "package_para2": "<p class='mt-5 mb-0 text-center paragraph'>In each one of our packages, you will receive In-depth ORM Analysis, keyword research and analysis, baseline ranking check, positive and negative links filter, and Initial report preparation. Furthermore, you will receive proper monthly reporting under all the packages from our side. So, go through each one of these options now before you order one.</p>",
    "ormsec4_heading": "A comprehensive range of services available:",
    "ormsec4_para": "<p>Join us as we explore the comprehensive range of ORM solutions by your side. Check out the services you can get from our side, and then you can move on with the package you want.</p><ul class='bullet-style5'><li><i class='fi fi-bs-check-circle'></i> We are here with reputation and brand analysis help</li><li><i class='fi fi-bs-check-circle'></i> Join us for the strategy development</li><li><i class='fi fi-bs-check-circle'></i> We are able to address ORM implementation by your side</li><li><i class='fi fi-bs-check-circle'></i> Then you have online branding as the best help from our side</li><li><i class='fi fi-bs-check-circle'></i> We have trained individuals to cover online reputation monitoring on your behalf</li><li><i class='fi fi-bs-check-circle'></i> We are ready to offer reporting services by your side now</li></ul>",
    "ormsec4_img": "<img src='images2/hire-seo-managerimg4.webp' alt='Hire SEO Manager'>"
  },
  {
    "id": 5,
    "meta_title": "Affordable PPC Packages India | PPC Services Packages",
    "meta_description": "Discover our tailored PPC packages India. Maximize your ROI with our affordable, results-driven PPC services packages designed for businesses of all sizes.",
    "meta_keywords": "PPC Packages Delhi NCR India,PPC packages in India,",
    "meta_og_title": "PPC packages in India | Pay Per Click Packages | Google Ads",
    "meta_og_description": "MEDIATRENZ is a Google Certified Company that provides the best Google Ad management plan and PPC packages in India for your business.",
    "meta_og_image": "",
    "meta_og_url": "",
    "slug": "/ppc-packages.php",
    "page_title": "PPC Packages",
    "banner_image_url": "/images2/ppcpackage-banner.webp",
    "breadcrums": "PPC Packages",
    "first_para": "<p>Are you looking for PPC Packages in India? MEDIATRENZ offers reasonable Google Ads Pricing Packages for small to large businesses in India. We assist you make the finest use of your Google advertising budget. We are one of trustworthy Google advertising agencies in India that helps companies to spot their positions at the top of search results through our PPC Packages.</p><p>We provide several different PPC packages in India exclusively intended to help our clients accomplish their Google ads marketing goals. Keep on reading to know How Much Do Google Ads Cost.</p>",
    "heading_second": "PPC Packages",
    "plan": [
      {
        "number": "1",
        "title": "<h4 class='text-uppercase'>PPC Packages</h4>"
      },
      {
        "number": "2",
        "img": "<img src='images2/production.webp' alt='SMO Packages'>",
        "title": "<h2 class='text-uppercase'>PPC Silver</h2>",
        "price": "<p>Minimum of</p><h1><sup>$</sup>249<small>/mo</small></h1></h2>",
        "paybtn": "<a href='https://buy.stripe.com/9AQ03A9Gp6N6e3efZh' target='_blank' class='btn btn-maincolor'>Order Now</a>",
        "paybtn2": "<a href='https://buy.stripe.com/28o7vIaH44ap9Uc00n' target='_blank' class='btn btn-maincolor'>Order Now</a>"
      },
      {
        "number": "3",
        "img": "<img src='images2/p-starter.webp' alt='Starter Packages'>",
        "title": "<h2 class='text-uppercase'>PPC GOLD</h2>",
        "price": "<p>Minimum of</p><h1><sup>$</sup>449<small>/mo</small></h1>",
        "paybtn": "<a href='https://buy.stripe.com/4gw17E6ud6N67EQ8wQ' target='_blank' class='btn btn-maincolor'>Order Now</a>",
        "paybtn2": "<a href='https://buy.stripe.com/dR617k02q6ixc2k3cy' target='_blank' class='btn btn-maincolor'>Order Now</a>"
      },
      {
        "number": "4",
        "img": "<img src='images2/p-booster.webp' alt='SEO Booster Packages'>",
        "title": "<h2 class='text-uppercase'>PPC PLATINUM</h2>",
        "price": "<p>Minimum of</p><h1><sup>$</sup>649<small>/mo</small></h1>",
        "paybtn": "<a href='https://buy.stripe.com/00gcQm19TgnG5wIbJ3' target='_blank' class='btn btn-maincolor'>Order Now</a>",
        "paybtn2": "<a href='https://buy.stripe.com/cN28zM02q4ap9Uc5kF' target='_blank' class='btn btn-maincolor'>Order Now</a>"
      }
    ]
  },
  {
    "id": 6,
    "meta_title": "App Store Optimization Packages | ASO Packages",
    "meta_description": "Optimize your app's success with our app store optimization packages. Boost downloads and visibility. Explore our ASO solutions now.",
    "meta_keywords": "App Store Optimization Packages,ASO Packages,ASO packages in India, ASO company",
    "meta_og_title": "App Store Optimization Packages | ASO Packages",
    "meta_og_description": "We are providing App store optimization packages for your business which help in targeted marketing to reach out to the audience. You can choose the ASO package as per your requirement.",
    "meta_og_image": "",
    "meta_og_url": "",
    "slug": "/aso-packages.php",
    "page_title": "ASO Packages",
    "banner_image_url": "/images2/aso-package-banner.webp",
    "breadcrums": "ASO Packages",
    "first_para": "<p>Please find your suitable ASO package from our list of professional packages. All details and a list of deliverables are mentioned in the table for your knowledge. You can select any package and let us know!</p><h5>Why choose our ASO Packages?</h5><ul class='bullet-style1 mt-3'><li><i class='fi fi-bs-check-circle'></i> Our SEO Packages are specifically targeted marketing to reach the audience on the APP Store</li><li><i class='fi fi-bs-check-circle'></i> We Optimize Page App to highlight the best feature of the app</li></ul>",
    "heading_second": "App Store Optimization Packages",
    "plan": [
      {
        "number": "1",
        "title": "<h4 class='text-uppercase'>ASO Packages</h4>",
        "keyword": "Targeted Keywords",
        "platform": "Platform",
        "proposed": "Proposed Duration Of Plan"
      },
      {
        "number": "2",
        "img": "<img src='images2/production.webp' alt='ASO Packages'>",
        "title": "<h2 class='text-uppercase'>Starter</h2>",
        "price": "<h1><sup>$</sup>249<small>/mo</small></h1>",
        "keyword": "<p><strong>5 Keywords</strong></p>",
        "platform": "<p> <strong>iOS or Android Platform</strong> </p>",
        "proposed": "<p> <strong>6 Months</strong> </p>",
        "paybtn": "<a href='https://buy.stripe.com/4gw3fM8Clc7q6AMaF0' target='_blank' class='btn btn-maincolor'>Order Now</a>",
        "paybtn2": "<a href='https://buy.stripe.com/9AQ4jwcPc6ix7M45kE' target='_blank' class='btn btn-maincolor'>Order Now</a>"
      },
      {
        "number": "3",
        "img": "<img src='images2/p-starter.webp' alt='Starter Packages'>",
        "title": "<h2 class='text-uppercase'>Medium</h2>",
        "price": "<h1><sup>$</sup>449<small>/mo</small></h1>",
        "keyword": "<p><strong>10 Keywords</strong></p>",
        "platform": "<p> <strong>iOS or Android Platform</strong> </p>",
        "proposed": "<p> <strong>6 Months</strong> </p>",
        "paybtn": "<a href='https://buy.stripe.com/3csdUq7yhgnG6AMbJ5' target='_blank' class='btn btn-maincolor'>Order Now</a>",
        "paybtn2": "<a href='https://buy.stripe.com/3csaHU02qdKZ7M45kD' target='_blank' class='btn btn-maincolor'>Order Now</a>"
      },
      {
        "number": "4",
        "img": "<img src='images2/p-booster.webp' alt='SEO Booster Packages'>",
        "title": "<h2 class='text-uppercase'>Premium</h2>",
        "price": "<h1><sup>$</sup>699<small>/mo</small></h1>",
        "keyword": "<p><strong>20 Keywords</strong></p>",
        "platform": "<p> <strong>iOS or Android Platform</strong> </p>",
        "proposed": "<p> <strong>6 Months</strong> </p>",
        "paybtn": "<a href='https://buy.stripe.com/aEU4jQf0JefybV628w' target='_blank' class='btn btn-maincolor'>Order Now</a>",
        "paybtn2": "<a href='https://buy.stripe.com/aEU7vIcPceP31nGcN4' target='_blank' class='btn btn-maincolor'>Order Now</a>"
      }
    ]
  }
]
