[
    {
        "id" : 1,
        
        "meta_title" : "Partner With Us | MEDIATRENZ",
        "meta_description" : "MEDIATRENZ is a leading company that helps its clients to grow their business. We are looking for like-minded partners, creative agencies, developers, and more to join us.",
        "meta_keywords" : "Partner With Us",
        "meta_og_title" : "Partner With Us | MEDIATRENZ",
        "meta_og_description" : "MEDIATRENZ is a leading company that helps its clients to grow their business. We are looking for like-minded partners, creative agencies, developers, and more to join us.",
        "meta_og_image" : "",
        "meta_og_url" : "",

        "slug" : "/partner-with-us.php",
        "page_title" : "Partner With Us"
    }
]