[
    {
        "id" : 1,
        "meta_title" : "Remove Complaints Services | Reputation Repair Solutions | Mediatrenz",
        "meta_description" : "Remove Complaints Services - Regain control of your online reputation. Expert solutions to eliminate complaints and restore trust. Contact us today.",
        "meta_keywords" : "Remove Negative Business Listing,Remove Complaints Services",
        "meta_og_title" : "Remove Complaints Services | Remove Negative Business Listing",
        "meta_og_description" : "We help you build your website's online reputation by working towards the growth of your online presence and removing negative complaints from Google search results.",
        "meta_og_image" : "",
        "meta_og_url" : "",
        "slug" : "/remove-complaints-services.php",
        "page_title" : "Remove Complaints Services",
        "banner_image_url" : "/images2/remove-complaints-banner.webp",
        "breadcrums" : "Remove Complaints",
        "subtitle_first" : "Remove Online Complaints and save your business with us",
        "image_first_url" : "images2/all-images/REMOVE-COM-LAINTS.webp",
        "image_third_url" : "images2/all-images/REMOVE-COM-LAINTS-MANAGER.webp",
        "fourth_banner_image_url" : "images2/all-images/REMOVE-COM-LAINTS-SERVICS.webp",
        "fourth_title" : "How We Remove Negative Complaints and Reviews Online?",
        "Strategy_title" : "Our ORM Strategy",
        "image_Strategy_url" :"images2/cpimg4.webp",
        "Strategy_bullets": "<li> <i class='fi fi-bs-check-circle'></i> We shall primary determine the platform as well as the members causing the damage overall</li> <li> <i class='fi fi-bs-check-circle'></i> We help you counter to them in the finest probable manner. Be it an optimistic looking retort or a requisite apology, we shall draft your finest foot to put forward</li>",
        "paragraph_Strategy" : "<p>Positive shady reviews may be causing you as well as your company much more damage than you may assume. You may not even be conscious of their continuation, yet facing the results. We proffer definite complaints elimination and resolving all such problems by following these steps:</p>",
        "paragraph_fourth": "<p>We make your life simpler as an authentic complaints elimination company. If you are searching for methods on how to eliminate bad Google reviews and to eradicate complaints from other renowned sites, we are your true helpers. </p> <p>We comprehend that as a business owner you have invested period, money as well as effort in making your business and developing its brand figure. But regrettably, negative reviews or else complaints have the ability to blotch up all this as well as more for a method longer period of time than you might consider.</p> <p>Anything unconstructive on renowned social websites similar to Google, Facebook etc. tends to reason a rippling consequence these extremely visited sites offer an unparallel scope for optimistic marketing but negative reviews posted here may also finish off being interpret by thousand of viewers counting your projected customers.</p> <p>MEDIATRENZ is a social marketing supervisor who can well convert these negative features of a review to its optimistic sight from the point of view of a viewer. In short we can <a href='/bad-reviews-removal-services.php'>eliminate negative Google review</a>, eradicating negative comments from diverse consumer complaint boards as well as tripadvisor confiscate review, amongst others.</p>",
        "heading_first" : "Remove Consumer Complaints Online",
        "paragraph_first" : "<p>A solitary negative complaint can alter the acuity of a Brand in consumer’s mind and can harm the Business. We assist companies in managing their Online Reputation by eliminating the negative complaints from Google Search Results as well as work towards the development of online presence. A <a href='/bad-reviews-removal-services.php'>bad review</a> and negative comments on Google are not easy to remove. It's a big challenge for any professional agency. But MEDIATRENZ provides a hope to dispute a negative Google review. Contact us now to get immediate solutions.</p> <p> Read <a href='https://blog.mediatrenz.com/why-is-online-reputation-management-important-how-its-impactful-for-business/'><strong>Why Is Online Reputation Management Important &amp; How It’s Impactful For Business?</strong></a></p>",
        "heading_second" : "Our ORM Packages",
        "heading_third" : "What Is Negative Complaints?",
        "subheading_second" : "HIGH QUALITY ORM SOLUTIONS FOR BUSINESSES",
        "paragraph_third" : "<p> The individuals who purchase your products or else services, or may have contacted you as a projected purchaser may distribute their experiences with your creation for you as a business on social media groups as well as platforms. These are known as reviews.</p> <p> Reviews may be optimistic or else negative, and may make or break your status. Contact us now to <a href='/bad-reviews-removal-services.php'><strong>remove bad reviews online</strong></a>.</p> <p>In today’s instances of competitive competition, where close to half the planet sales happen online, it may turn into a big blot on the image of your brand. Thus, it is essential to eliminate online complaints in time.</p> <p>Think about it this method: You use up and meticulously make your website, application and marketing tactic. Thanks to them, viewers get concerned to purchase your product. But then they ensure out the reviews and ultimately decide to not faith your brand. It can be actually depressing as well as business breaking.</p> <p>In the online planet, where you do not have a objective sales person to thrust your product or else services, this is a vast negative.</p> ",
        "packages":         
        [
            {
                "num":"01",
                "packagename":"ORM Sliver",
                "packageprice":"$380",
                "link":"orm-packages.php"
            },
            {
                "num":"02",
                "packagename":"ORM Gold",
                "packageprice":"$680",
                "link":"orm-packages.php"
            },
            {
                "num":"03",
                "packagename":"ORM Platinum",
                "packageprice":"$980",
                "link":"orm-packages.php"
            },
            {
                "num":"04",
                "packagename":"ORM Diamond",
                "packageprice":"$1280",
                "link":"orm-packages.php"
            }
        ],
        
        "services" : [
            {
                "num":"01",
                "link": "remove-complaints-services.php",
                "servicename": "Remove Complaints",
                "servicedesc": "Online complaints can truly hurt a business. Sometimes...",
                "serviceicon": "<i class='fi fi-tr-nfc-trash'></i>"
            },
            {
                "num":"02",
                "link": "bad-reviews-removal-services.php",
                "servicename": "Remove Bad Reviews",
                "servicedesc": "Being the leader in the industry, the MEDIATRENZ team...",
                "serviceicon": "<i class='fi fi-tr-nfc-trash'></i>"
            },
            {
                "num":"03",
                "link": "online-reputation-management-services.php",
                "servicename": "Online reputation Management",
                "servicedesc": "One’s reputation is probably the most important things...",
                "serviceicon": "<i class='fi fi-tr-nfc-trash'></i>"
            }
        ],
        "package_heading": "",
        "package_para": "",
        "package_cont": [
       
        ]
    },
    {
        "id" : 2,
        "meta_title" : "Bad Review Removal Service | Remove Negative Google Reviews",
        "meta_description" : "Need to remove bad reviews? Get our specialized Google review removal service. Protect your online reputation with effective review management solutions.",
        "meta_keywords" : "Bad Reviews Removal Services,Remove Negative Links",
        "meta_og_title" : "Bad Reviews Removal Services | Remove Negative Links",
        "meta_og_description" : "We help you build your website's online reputation by working towards the growth of your online presence and removing negative complaints from Google search results.",
        "meta_og_image" : "",
        "meta_og_url" : "",
        "slug" : "/bad-reviews-removal-services.php",
        "page_title" : " google review removal service",
        "banner_image_url" : "/images2/bad-reviews-removal.webp",
        "breadcrums" : " Remove Bad Reviews",
        "image_first_url" : "images2/brrimg1.webp",
        "heading_first" : "REMOVE BAD REVIEWS AND NEGATIVE LINKS ONLINE",
        "subtitle_first" : "REMOVE BAD COMMENTS TO CREATE A WIN-WIN SITUATION",
        "paragraph_first" : "<p>Without a hesitation, online image plays a very noteworthy part in the achievement of your business. Once the online presence of the business is ruined, then the foundation of the business gets exaggerated completely. Therefore, it is vital that the businesses defend their image in the industry. Good reputation amongst clients as well as other persons, particularly for businesses functioning in the online world. One terrible review in the top of any search results has the potential to harm your businesses. MEDIATRENZ provides an opportunity to trend your business name on the first pages of search engines, especially on Google with <a href='/online-reputation-management-services.php'><strong>professional reputation management services</strong></a>.</p>",
        "heading_third" : "BAD COMMENTS REMOVAL FROM GOOGLE",
        "paragraph_third" : "<p>If people are viewing Bad comments when they look up your company’s name in bad circumstances, you are definitely going to lose business. That’s the point where Google Review Removal Service comes in and assists you in eliminating unenthusiastic comments from Google. We at MEDIATRENZ assist you in cleaning up the awful results, restoring your online reputation as well as making confident negative reviews, propaganda, or malice participants no longer hold you back.</p> <p>Reputation is one of the most important pillars on which a prosperous business is built. Even after offering pinnacle class services as well as products, if commerce is not capable to build or uphold a good image then its complete effort to develop a business will become routinely useless. Fabricating a good online reputation takes huge time and effort, and that’s why reputation is a major alarm for all the trades and predominantly for those which are there in the online globe.</p>",
        "image_third_url" : "images2/brrimg2.webp",
        "fourth_banner_image_url" : "images2/brrimg3.webp",
        "fourth_title" : "WHY IS IT NECESSARY TO REMOVE NEGATIVE COMMENTS?",
        "Strategy_title" : "Why Choose Us for Bad Reviews Removal Services?",
        "image_Strategy_url" :"/images2/brrimg4.webp",
        "paragraph_Strategy" : "<p>At MEDIATRENZ, we utilize numerous methods to accomplish these goals, including executing <a href='/seo-services.php'><strong>SEO services</strong></a> on your main page and building fairly a few other blogs or else mini-sites for your business to develop your image. Additionally, we also proffer link building services which play a foremost part in the promotion in such a condition. With the employ of these tactics, we will raise all your online properties brazen of any negative pages in key search engine results.</p> <p>Our strategy also plays a major role in the Reputation Management work. Our experts also fabricate your social media profiles on major social media sites with optimistic content and provide link building, which coerces these additional websites superior in search engine rankings while falling the wrong sites down.</p>",
        "paragraph_fourth": "<p>With the internet becoming the most dependable resource of information, one solitary bad review on podiums such as Rip-off report, Yelp etc, can effortlessly spread all over the market and can obliterate your long built standing. Whether it is a whispered or fact-based grievance, such kind of reviews adds the feather to the wings of individuals who consider that the finest method to get even with your foes is to place an unenthusiastic comment on any of the aforementioned sites. And ignoring even a small as well as single complaint on the internet can turn out to be a tragedy for the business.</p>",
        "heading_second" : "Our ORM Packages",
        "subheading_second" : "HIGH QUALITY ORM SOLUTIONS FOR BUSINESSES",
        "packages":         
        [
            {
                "num":"01",
                "packagename":"ORM Sliver",
                "packageprice":"$380",
                "link":"orm-packages.php"
            },
            {
                "num":"02",
                "packagename":"ORM Gold",
                "packageprice":"$680",
                "link":"orm-packages.php"
            },
            {
                "num":"03",
                "packagename":"ORM Platinum",
                "packageprice":"$980",
                "link":"orm-packages.php"
            },
            {
                "num":"04",
                "packagename":"ORM Diamond",
                "packageprice":"$1280",
                "link":"orm-packages.php"
            }
        ],
        "services" : [
            {
                "num":"01",
                "link": "remove-complaints-services.php",
                "servicename": "Remove Complaints",
                "servicedesc": "Online complaints can truly hurt a business. Sometimes...",
                "serviceicon": "<i class='fi fi-tr-nfc-trash'></i>"
            },
            {
                "num":"02",
                "link": "bad-reviews-removal-services.php",
                "servicename": "Remove Bad Reviews",
                "servicedesc": "Being the leader in the industry, the MEDIATRENZ team...",
                "serviceicon": "<i class='fi fi-tr-nfc-trash'></i>"
            },
            {
                "num":"03",
                "link": "online-reputation-management-services.php",
                "servicename": "Online reputation Management",
                "servicedesc": "One’s reputation is probably the most important things...",
                "serviceicon": "<i class='fi fi-tr-nfc-trash'></i>"
            }
           
        ],
        "package_heading": "",
        "package_para": "",
        "package_cont": [
       
        ]
    },
{
        "id" : 3,
        "meta_title" : "ORM Services Company India | Online Reputation Management Services | Remove Negative Links",
        "meta_description" : "MEDIATRENZ is an expert ORM Services Company India providing online reputation management services to the clients to protect their business by removing negative links.",
        "meta_keywords" : "ORM Services Company India,Online Reputation Management Services",
        "meta_og_title" : "ORM Services Company India | Online Reputation Management Services | Remove Negative Links",
        "meta_og_description" : "MEDIATRENZ is an expert ORM Services Company India providing online reputation management services to the clients to protect their business by removing negative links.",
        "meta_og_image" : "",
        "meta_og_url" : "",
        "slug" : "/online-reputation-management-services.php",
        "page_title" : " Online Reputation Management Services",
        "banner_image_url" : "/images2/orm-banner.webp",
        "breadcrums" : " Online Reputation Management Services India",
        "image_first_url" : "images2/ormimg1.webp",
        "heading_first" : "HIRE US FOR ONLINE REPUTATION MANAGEMENT SERVICES",
        "subtitle_first" : "Great Online Reputation Management Service can boost your business",
        "paragraph_first" : "<p>Your online reputation is the most precious asset of your commerce or individual profile. MEDIATRENZ is a foremost ORM company in India with widespread expertise in managing online reputation as well as digital uniqueness of big brands, businesses along with professionals. We recognize in this enormously competitive commerce world, it is quite widespread to eyewitness fake allegations as well as reviews, fake rumors, harmful content and depressing social posts that can entirely blot your online reputation. As a front runner in offering online reputation management (ORM) services in India, we can aid you create an impactful online presence.</p> <p>It takes years to erect a reputation however a minute to damage it. Your product is not what you say it is, it is what individuals say it is. MEDIATRENZ can aid you repair, augment and administer your online reputation. If you are looking for a professional reputation management company to <a href='/remove-complaints-services.php'>remove online complaints</a> then MEDIATRENZ is here to save your business.</p> ",
        "paragraph_full" : "<p>We know your online picture can have a broader impact and could signify the discrepancy between achievement and failure. We have an astonishing team of Public Relation (PR) professionals; marketing specialists, social media junkies as well as content management pundits who can aid you analyze your brand image, build a huge identity on the Internet, and guard and restore your online reputation. Our flourishing ORM services can help your organization formulate trust in the online world and offer you better visibility on the Internet.</p> <p>From small businesses, large enterprises, commerce professionals to celebrities, we have toiled with over three hundred and more clients from across the globe in neutralizing their negative impressions as well as maximizing optimistic experiences, thus promoting optimistic brand recall. Our ORM campaigns are intended to meet your exclusive requirements, whether you require fixing your brand’s negative image, boosting your digital profile, boosting your brand name on search engine result pages (SERPs), or merely wanting to preserve good online reputation.</p>",
        "heading_third" : "HOW WE MAINTAIN YOUR BRAND REPUTATION ONLINE?",
        "paragraph_third" : "<p>Your reputation is spoiled when there is a disparity between the buzz and the authenticity. That’s why we arrange a transparent ORM campaign that ensures the success of your organization, brand, product or else service. Our ORM procedure consists of five stages including:</p> ",
        "third_bullets": "<li> <i class='fi fi-bs-check-circle'></i> Researching as well as analyzing your current status </li> <li> <i class='fi fi-bs-check-circle'></i> Developing a modified ORM plan</li> <li><i class='fi fi-bs-check-circle'></i> Creating content, PR, social media & SEO strategy</li> <li><i class='fi fi-bs-check-circle'></i> Publishing & endorsing positive content</li> <li><i class='fi fi-bs-check-circle'></i> Monitoring ORM campaign</li>",
        "paragraph_third_last": "<p>Our team pursues this holistic ORM procedure to make your business as the most consistent brand in your industry. If you want to remove bad comments from the internet then you should hire professional ORM Resources in India for bad review removal and create win-win situations.</p>",
        "image_third_url" : "images2/ormimg2.webp",
        "fourth_banner_image_url" : "images2/ormimg3.webp",
        "fourth_title" : "A superior online reputation can develop your bottom line",
        "fourth_bullets" : "<li><i class='fi fi-bs-check-circle'></i> Nearly 95% of shoppers read online reviews before purchasing something</li> <li> <i class='fi fi-bs-check-circle'></i> Seventy-two percent of customers don't take action until they have interpreted reviews</li> <li> <i class='fi fi-bs-check-circle'></i> Given two products with comparable ratings, customers are more probable to purchase the product with more reviews. </li>",
        "Strategy_title" : "OUR ONLINE REPUTATION MANAGEMENT STRATEGY",
        "Strategy_sub_heading" : "We follow a systematic approach to manage your reputation online so that no aspect is left unattended to.",
        "image_Strategy_url" :"/images2/ormimg4.webp",
        "paragraph_Strategy" : "<p>We develop a customized strategy for you once we have understood your requirements after careful study. Our objective is to offer you long term results. We offer very affordable <a href='/orm-packages.php'>online reputation management packages and plans</a>. Click here to get in touch with us to find out more about our services.</p>",
        "heading_second" : "Our ORM Packages",
        "subheading_second" : "HIGH QUALITY ORM SOLUTIONS FOR BUSINESSES",
        "six_banner_image_url": "images2/seoser-parallax-bg.webp",
        "heading_six" : "ENHANCE YOUR BRAND RECOGNITION WITH OUR ORM SERVICES",
        "six_paragraph" : "<p>The primary goal of ORM services is to build a proactive brand and then create a better customer-centric connection. It helps in creating an impactful reputation online for your business. That’s when MEDIATRENZ can help you big time. We are not just here to mend the online reputation marketing but will maintain a proper brand reputation.</p> <p class='mb-2'>We are considered as one of the <a href='/'>leading digital marketing firms</a>, offering 360-degree digital promotion solutions. So, our ORM services form a major part of digital promotions. Being one of the tops in the line, we understand the level of pressure we carry, but that won’t hamper the quality of our work. </p> <p>Our services will directly affect your customers and your brand’s productivity challenges. We are consistently trying to repair all the negative impacts that your brand might carry to help create a reputation in the market with a strong emphasis on customer satisfaction. It helps in protecting your brand name at a continuous rate, not just for now but in the future as well.</p> <p>We are ready to work on some of the impressive business strategies. Corporate reputation management procedure will be pretty helpful to any business. So, we are ready to take the next step with you and create an impactful online image for your brand. Creating a positive image in this highly competitive market is really important, and that’s what we are thinking about! So, with us, you get the opportunity to create a positive vibe around your brand name.</p>",
        "seven_heading" : "REASONS TO CHOOSE MEDIATRENZ FOR ORM SERVICES IN INDIA:",
        "Seven_Bullets" : "<li> <i class='fi fi-bs-check-circle'></i> With so many reputation management companies these days, what makes MEDIATRENZ a fashion-forward service over here? Why choose us when there are multiple other options left? Well, there are some reasons why people plan to focus on our services more. So, let’s get on with the solutions now.</li> <li><i class='fi fi-bs-check-circle'></i> From us, you will be receiving the easy CRM tools for our use. We use these tools with the main purpose of building and managing relationships with you. For that, we will be offering updates on your daily tasks to perform. This tool is rather easy to use because of its simple infrastructure.</li> <li><i class='fi fi-bs-check-circle'></i> With us, you get the chance to work with a dedicated ORM resource who understands the value of ORM service in India pretty well. There is always the importance of personal touch, and that’s when our manager comes to the rescue. So, join us for an experience like never before! Get your business at the top ranks now!</li> <li><i class='fi fi-bs-check-circle'></i> So, join us for an experience like never before! Get your business at the top ranks now!</li>",
        "seven_paragraph" : "Know the benefits of <a href='https://blog.mediatrenz.com/mediatrenz-your-one-stop-orm-services-company-india/'><strong>MEDIATRENZ – Your One-Stop ORM Services Company India</strong></a>",
        "seven_image_url" : "images2/fbadsimg4.webp",
        "packages":
        [
            {
                "num":"01",
                "packagename":"ORM Sliver",
                "packageprice":"$380",
                "link":"orm-packages.php"
            },
            {
                "num":"02",
                "packagename":"ORM Gold",
                "packageprice":"$680",
                "link":"orm-packages.php"
            },
            {
                "num":"03",
                "packagename":"ORM Platinum",
                "packageprice":"$980",
                "link":"orm-packages.php"
            },
            {
                "num":"04",
                "packagename":"ORM Diamond",
                "packageprice":"$1280",
                "link":"orm-packages.php"
            }
        ],
        "services" : [
            {
                "num":"01",
                "link": "remove-complaints-services.php",
                "servicename": "Remove Complaints",
                "servicedesc": "Online complaints can truly hurt a business. Sometimes...",
                "serviceicon": "<i class='fi fi-tr-nfc-trash'></i>"
            },
            {
                "num":"02",
                "link": "bad-reviews-removal-services.php",
                "servicename": "Remove Bad Reviews",
                "servicedesc": "Being the leader in the industry, the MEDIATRENZ team...",
                "serviceicon": "<i class='fi fi-tr-nfc-trash'></i>"
            },
            {
                "num":"03",
                "link": "online-reputation-management-services.php",
                "servicename": "Online reputation Management",
                "servicedesc": "One’s reputation is probably the most important things...",
                "serviceicon": "<i class='fi fi-tr-nfc-trash'></i>"
            }
           
        ],
        "package_heading": "THE ORM SERVICES INCLUDED IN OUR PACKAGE:",
        "package_para": "We have ORM services for individuals, which will not just monitor personal reputation but will help you to understand the importance of monitoring your content. If you fail to do so, then it will result in negative feedback and finally will cost you your business. So, to improve your brand and protect it from any further damages, we have the best ORM service in India for you. So, let’s start with the options we have.",
        "package_cont": [
        {
            "num": "01",
            "packagelogo": " <i class='fi fi-tr-feedback-hand'></i>",
            "packagename": "Building and managing reputation:",
            "packagedesc": "Our ORM services are designed to build and manage online reputations for not just individuals but for the company as well. We do that by controlling online conversations.",
            "offer_bullets" : "<li class='text-white'><i class='text-white bg-transparent fi fi-bs-check-circle'></i> Our services help in presenting the best results of your company forward in the market to make them highly popular.</li> <li class='text-white  text-white'><i class='bg-transparent fi fi-bs-check-circle'></i> We will help more people to engage in your site in case you are able to offer the exact thing they intend to find in the search engines.</li>"
        },
        {
            "num": "02",
            "packagelogo": "<i class='fi fi-tr-dashboard-monitor'></i>",
            "packagename": "Monitoring your online reputation:",
            "packagedesc": "We have this package at $599 per month. It has 40 keywords with all the services from the SEO starter plan, along with broken link check and competition analysis as added points.",
            "offer_bullets" : "<li class='text-white'><i class='text-white bg-transparent fi fi-bs-check-circle'></i> For that, we will be crafting multiple plans.</li> <li class='text-white  text-white'><i class='bg-transparent fi fi-bs-check-circle'></i> Our main goal is to influence the outlook of every individual regarding the firm, entity, or organization on the internet.</li>",
            "offer_bullets_add" : "<li class='text-white'><i class='text-white bg-transparent fi fi-bs-check-circle'></i> Our services help in manipulating public opinion and get it towards your side.</li>"
        },
        {
            "num": "03",
            "packagelogo": "<i class='fi fi-ts-trash-restore'></i>",
            "packagename": "Recovering the online reputation:",
            "packagedesc": "As one of the leading Online reputation management company in India, we will also work hard to help you recover your lost online reputation through various social media platforms. We will offer information to attract more customers to your kitty. We are here to fix the damage already done and offer the necessary alternatives to help your firm with the recovery process."
        },
        {
            "num": "04",
            "packagelogo": "<i class='fi fi-ts-compliance'></i>",
            "packagename": "REMOVE YOUR CURRENT NEGATIVE COMMENT:",
            "packagedesc": "Being an ideal ORM services company in India, our main intention is to remove negative and unwanted comments from your website, which can easily harm the reputation of your firm or organization. Our top-level ORM services retaliate to misleading feedback and allow your company to put the best foot forward."
        },
        {
            "num": "05",
            "packagelogo": "<i class='fi fi-tr-career-growth'></i>",
            "packagename": "DEVELOP THAT POSITIVE REPUTATION:",
            "packagedesc": "By developing a positive reputation, we help you in managing your company’s activities well. We are always here to help satisfy your customers by presenting your best information forward on the site. So, our services will help to develop that position reputation on a social platform about your firm. Now, your website will look great online as it decides the career path of your firm."
        }
       
        ]
    }


]