[
    {
        "id" : 1,
        
        "meta_title" : "Request For Quote | MEDIATRENZ",
        "meta_description" : "MEDIATRENZ offers free quotes for your website, all you have to do is enter your name and other information and you get an affordable digital package from us.",
        "meta_keywords" : "Request For Quote",
        "meta_og_title" : "Request For Quote | MEDIATRENZ",
        "meta_og_description" : "MEDIATRENZ offers free quotes for your website, all you have to do is enter your name and other information and you get an affordable digital package from us.",
        "meta_og_image" : "",
        "meta_og_url" : "",

        "slug" : "/request-for-quote.php",
        "page_title" : "Request For Quote"
    }
]