[
  {
    "id": 1,
    "meta_title": "Facebook Marketing Services | Social Media Service Company",
    "meta_description": "MEDIATRENZ gives you a great opportunity to connect directly with your customers with Facebook Marketing services. We are a creative Social Media Service Company in India.",
    "meta_keywords": "Facebook Marketing Services,Social Media Service Company India",
    "meta_og_title": "Facebook Marketing Services | Social Media Service Company",
    "meta_og_description": "MEDIATRENZ gives you a great opportunity to connect directly with your customers with Facebook Marketing services. We are a creative Social Media Service Company in India.",
    "meta_og_image": "https://mediatrenz.com/images2/facebook-marketing-banner.webp",
    "meta_og_url": "https://mediatrenz.com/facebook-marketing-services.php",
    "slug": "/facebook-marketing-services.php",
    "page_title": "Facebook Marketing Service",
    "banner_image_url": "/images2/facebook-marketing-banner.webp",
    "breadcrums": "Facebook Marketing Service",

    "heading_first": "Facebook Marketing Agency that gets results",
    "paragraph": "<p>To promote your products as well as services online to the widest probable audiences, you perhaps want to spend in some proven social media channels. Out of which, Facebook marketing services offered by MEDIATRENZ are the finest that give business owners a golden opportunity to directly bond with their customers who are keen on acquiring the endorsed services or goods. Over the past years, we have developed efficiently and turned out to be an authoritative online marketing company by offering satisfactory 500+ social media marketing projects in seventy plus countries. We served four hundred plus clients’ precise social media marketing needs. Our thirty plus social media marketing specialists focus on offering the improved user engagement along with traffic to your targeted service pages.</p> <p>Facebook marketing at MEDIATRENZ makes your brand socially-savvy and sales-ready. An interface with Facebook users and gaining their concentration makes your brand simple to recognise and target a large user base. Our Facebook marketing services make sure you get a reasonable method to improve your conversion rate and brand visibility.</p>",
    "sub-paragraph_first": "<p>If you are searching for a Facebook ad group for marketing through social media, ensure you get the finest expertise which can deal with ad purchase, artistic messaging and reliable reciprocation. External Experts offers the support you require for data-driven Facebook marketing as well as social media marketing in general.</p>",
    "image_first_url": "/images2/fbmimg1.webp",

    "heading_third": "Why is Facebook Marketing significant?",
    "paragraph_third": "<p>Facebook is the most crowded social media platform and where several of your very own customers went for recommendation, images2, along with reviews before they discovered you. Updated Facebook pages are crucial when consumers are on the hunt for a new product or else service to meet their requirements. Managing your Facebook regularly is the key to success among the other fifty million business pages on Facebook. If your Facebook Page is swamped with inviting content, engagement with your consumers, and optimistic reviews, then you can consider that your business will rank top in customers’ minds over your participants when they are all set to make a purchase.<p>",
    "heading_sub_third": "What are Facebook Management Services?",
    "paragraph_sub_second": "<p>Facebook management services are services intended to assist you maximize the latent of Facebook marketing without essentially having to do the work. When you have an agency do your Facebook Management for you, it releases doors for you to focus on other fractions of your business that require your attention. All the while, our experts will be improving your page as well as making the traffic and reach you desire. It’s a win-win circumstances that makes more time in your schedule to administer your business.</p>",

    "image_fourth_url": "/images2/fbbimg3.webp",
    "heading_fourth": "Our approach",
    "paragraph_forth": "<p><strong>FACEBOOK CAMPAIGN MANAGEMENT - </strong>Spread your trade by making it more superior, striking and engaged with our efficiently offered Facebook campaign management which brings the vigorous audience to the service page.</p> <p><strong>USER ENGAGEMENT - </strong>Without user appointment business endorsement cannot cross the market obstacles. We at this point assist you widen your horizons and let your business get occupied with consumers.</p> <p><strong>INCREASED CONVERSION RATES - </strong>By initiating the service of Facebook paid advertising, we confess the doors for industrialists to cultivate their sales with the assistance of high conversion rates.</p><p><strong>BRAND AWARENESS - </strong>MEDIATRENZ considers it its duty to make excellent brand awareness among customers when it comes to creating a Facebook campaign victorious.</p><p><strong>LEAD GENERATION - </strong>We fabricate a robust lead generation tactic for your targeted service page to obtain the business leads with the help of marketing automation.<p/><p><strong>APP ENGAGEMENT</strong>Here, you will get a chance to develop your brand consciousness by engaging your business followers with the ads to your app whether it is desktop or else mobile.</p>",

    "heading_fifth": "Why chooseus as your Facebook marketing agency?",
    "paragraph_fifth": "<p>This is because, while industry experts keep a check on Facebook analytics, it is the young minds who spend their maximum time on following social media trends. These young minds give a fresh perspective and come up with unique marketing ideas under the guidance and expertise of industry professionals. This way, we ensure that our clients can extract the maximum profit through our Facebook Advertising Service.</p>",
    "heading_sub_fifth": "At MEDIATRENZ, we have a combined team of industry experts and young minds.",
    "image_fifth_url": "/images2/fbbimg4.webp",

    "heading_sec2": "Our SMO ADS Packages",
    "heading_sub_sec2": "HIGH QUALITY SMO ADS SOLUTIONS FOR BUSINESSES",
    "packages": [
      {
        "num": "01",
        "packagename": "SMO Silver",
        "packageprice": "$280",
        "link": "smo-packages.php"
      },
      {
        "num": "02",
        "packagename": "SMO Gold",
        "packageprice": "$480",
        "link": "smo-packages.php"
      },
      {
        "num": "03",
        "packagename": "SMO Platinum",
        "packageprice": "$780",
        "link": "smo-packages.php"
      },
      {
        "num": "04",
        "packagename": "SMO Diamond",
        "packageprice": "$1180",
        "link": "smo-packages.php"
      }
    ],
    "services": [
      {
        "num": "01",
        "link": "facebook-marketing-services.php",
        "servicename": "FACEBOOK MARKETING SERVICE",
        "servicedesc": "Facebook is the largest social media network in the world...",
        "serviceicon": "<i class='fi fi-brands-facebook'></i>"
      },
      {
        "num": "02",
        "link": "instagram-marketing-service.php",
        "servicename": "INSTAGRAM MARKETING SERVICE",
        "servicedesc": "As the second-largest social media platform, Instagram’s...",
        "serviceicon": "<i class='fi fi-brands-instagram'></i>"
      },
      {
        "num": "03",
        "link": "pinterest-marketing-service.php",
        "servicename": "PINTEREST MARKETING SERVICE",
        "servicedesc": "Pinterest marketing services can be a boon for your brand...",
        "serviceicon": "<i class='fi fi-brands-pinterest'></i>"
      },
      {
        "num": "04",
        "link": "linkedin-marketing-service.php",
        "servicename": "LINKEDIN MARKETING SERVICE",
        "servicedesc": "Most companies have realized that, when done right, social media...",
        "serviceicon": "<i class='fi fi-brands-linkedin'></i>"
      },
      {
        "num": "05",
        "link": "twitter-marketing-service.php",
        "servicename": "TWITTER MARKETING SERVICE",
        "servicedesc": "You definitely might have come across Twitter- the worldwide...",
        "serviceicon": "<i class='fi fi-brands-twitter-alt'></i>"
      }
    ]
  },

  {
    "id": 2,
    "meta_title": "Instagram Marketing Services | MEDIATRENZ",
    "meta_description": "MEDIATRENZ provides Instargam marketing services that grow your business on online platform. Our Social media strategist helps in increasing the visibility of your brand.",
    "meta_keywords": "Instagram Marketing Services,Instagram service in India",
    "meta_og_title": "Instagram Marketing Services | MEDIATRENZ",
    "meta_og_description": "MEDIATRENZ provides Instargam marketing services that grow your business on online platform. Our Social media strategist helps in increasing the visibility of your brand.",
    "meta_og_image": "https://mediatrenz.com/images2/instagram-marketing-banner.webp",
    "meta_og_url": "https://mediatrenz.com/instagram-marketing-service.php",
    "slug": "/instagram-marketing-service.php",
    "page_title": "Instagram Marketing Service",
    "banner_image_url": "/images2/instagram-marketing-banner.webp",
    "breadcrums": "Instagram Marketing Service",

    "heading_first": "Engaging Instagram Marketing Service for Businesses to grow rapidly",
    "paragraph": "<p>Instagram has more than one billion dynamic monthly users, with over fifty percent scrolling their feeds each day. If your brand doesn’t have an Instagram attendance, it’s missing out on thousands of every day communications with possible consumers. </p><p>As the second-largest social media platform, Instagram’s reputation is rapidly gaining on its parent business Facebook. Its recognition is due to its instinctive mobile user experience and occupied communities.</p><p>With the support of a devoted social media strategist, your brand can enlarge the reach as well as visibility of its visual content.</p>",
    "sub-heading": "What is Instagram Marketing?",
    "sub-paragraph": "<p>Instagram marketing is how brands utilize the app to make associations with their target spectators. It’s usually utilized to market products along with services as well as erects brand awareness and fidelity. Its recognition has grown as marketers comprehend the power of visual content.</p>",
    "sub-paragraph_first": "<p>Actually, thirty two percent of marketers articulate visual images2 are the form of content most significant to their strategy.<p>The platform’s recognition with customers makes it a gigantic occasion for brands that are willing to dive in and begin interacting. As with all types of social media marketing, it always pays to fabricate a sense of community.</p>",
    "image_first_url": "/images2/instaimg1.webp",

    "heading_third": "Why is Instagram vital to Marketers?",
    "paragraph_third": "<p>Instagram is one of the most admired social media platforms, but it’s not just the size of the platform’s user base that fabricates it appealing to marketers. Compared with Facebook as well as Twitter, more Instagram users chase and interrelate with brands frequently.</p><p>Indeed, eight out of ten Instagram accounts follow a business. They make over two hundred million visits to business profiles each day.</p><p>Plus, these users tend to be in a major demographic. Nearly two-thirds of adults matured eighteen to twenty nine uses Instagram. And the split between male as well as female users is almost 50/50.</p>",
    "paragraph_sub_third": "<p>Brands on Instagram have several occasions to make significant connections with possible consumers in a manner that is recognizable and genuine. That signifies the eminence of your Instagram content matters a lot. Customers can effortlessly spot Instagram photos as well as videos that seem pandering or else strained.",
    "paragraph_parallel_third": "<p>Roughly eighty one percent of customers have utilized Instagram to explore products along with services. With support from a specialist social media strategist, your brand can reach millions of possible customers who are equipped to purchase. Striking, engaging content makes sure they continue to bond with your messaging again as well as again.</p>",

    "image_fourth_url": "/images2/instaimg3.webp",
    "heading_fourth": "How It Works?",
    "heading_sub_fourth": "A triumphant Instagram marketing strategy takes benefit of all the tools the platform has to proffer. A typical tactic comprises:",

    "insta_bullet_style": "<li> <i class='fi fi-bs-check-circle'></i> <strong>Profile Optimization:</strong>An absolute profile assists you to earn the faith of your followers. That embraces a branded profile image, a vivid bio, engaging story highlights along with link to your website.</li> <li> <i class='fi fi-bs-check-circle'></i> <strong>Follower Tactics:</strong> - The expansion of your account frequently depends on its associations with others. Following, liking as well as commenting on posts from other accounts are necessary. Additionally, sharing user-generated content can improve engagement with potential customers.</li> <li> <i class='fi fi-bs-check-circle'></i> <strong>Keyword Research: -</strong> Instagram hashtags as well as keywords are how users discover novel accounts to follow.</li> <li> <i class='fi fi-bs-check-circle'></i><strong>A Standard Posting Schedule:</strong> - It’s significant to post with constancy so that your brand stays pertinent.</li><li> <i class='fi fi-bs-check-circle'></i> <strong>Story Integration:</strong> - Instagram stories emerge at the top of a user’s feed. They are accessible for 24 hours before they disappear, making them ideal for sharing opportune content and limited-time endorsements.</li><li> <i class='fi fi-bs-check-circle'></i> <strong>Advertisements:</strong> - Additionally to building your Instagram following purely, paid display ads can enlarge your reach to customers you have not interrelated with yet.</li>",
    "heading_fifthh": "What Instagram Marketing Services do we provide?",
    "paragraph_sub_fifth": "<p>By learning about your organization is assignment and goals, your strategist can expand Instagram campaigns that engage as well as convert! Additionally, modified analytics assist you to understand your consequences so you can repeatedly develop your strategy.</p>",
    "image_fifth_url": "/images2/seoser-parallax-bg.webp",

    "heading_sec2": "Our SMO ADS Packages",
    "heading_sub_sec2": "HIGH QUALITY SMO ADS SOLUTIONS FOR BUSINESSES",
    "packages": [
      {
        "num": "01",
        "packagename": "SMO Silver",
        "packageprice": "$280",
        "link": "smo-packages.php"
      },
      {
        "num": "02",
        "packagename": "SMO Gold",
        "packageprice": "$480",
        "link": "smo-packages.php"
      },
      {
        "num": "03",
        "packagename": "SMO Platinum",
        "packageprice": "$780",
        "link": "smo-packages.php"
      },
      {
        "num": "04",
        "packagename": "SMO Diamond",
        "packageprice": "$1180",
        "link": "smo-packages.php"
      }
    ],
    "services": [
      {
        "num": "01",
        "link": "facebook-marketing-services.php",
        "servicename": "FACEBOOK MARKETING SERVICE",
        "servicedesc": "Facebook is the largest social media network in the world...",
        "serviceicon": "<i class='fi fi-brands-facebook'></i>"
      },
      {
        "num": "02",
        "link": "instagram-marketing-service.php",
        "servicename": "INSTAGRAM MARKETING SERVICE",
        "servicedesc": "As the second-largest social media platform, Instagram’s...",
        "serviceicon": "<i class='fi fi-brands-instagram'></i>"
      },
      {
        "num": "03",
        "link": "pinterest-marketing-service.php",
        "servicename": "PINTEREST MARKETING SERVICE",
        "servicedesc": "Pinterest marketing services can be a boon for your brand...",
        "serviceicon": "<i class='fi fi-brands-pinterest'></i>"
      },
      {
        "num": "04",
        "link": "linkedin-marketing-service.php",
        "servicename": "LINKEDIN MARKETING SERVICE",
        "servicedesc": "Most companies have realized that, when done right, social media...",
        "serviceicon": "<i class='fi fi-brands-linkedin'></i>"
      },
      {
        "num": "05",
        "link": "twitter-marketing-service.php",
        "servicename": "TWITTER MARKETING SERVICE",
        "servicedesc": "You definitely might have come across Twitter- the worldwide...",
        "serviceicon": "<i class='fi fi-brands-twitter-alt'></i>"
      }
    ]
  },

  {
    "id": 3,
    "meta_title": "/Pinterest Marketing Services | MEDIATRENZ",
    "meta_description": "MEDIATRENZ provides you the best Pinterest marketing services which is beneficial for your brand. Our expert team create pins as well as sharing your brand organically.",
    "meta_keywords": "Pinterest Marketing Services,Pinterest marketing packages",
    "meta_og_title": "Pinterest Marketing Services | MEDIATRENZ",
    "meta_og_description": "MEDIATRENZ provides you the best Pinterest marketing services which is beneficial for your brand. Our expert team create pins as well as sharing your brand organically.",
    "meta_og_image": "https://mediatrenz.com/images2/pinterest-marketing-banner.webp",
    "meta_og_url": "https://mediatrenz.com/pinterest-marketing-service.php",
    "slug": "/pinterest-marketing-service.php",
    "page_title": "Pinterest Marketing Service",
    "banner_image_url": "/images2/pinterest-marketing-banner.webp",
    "breadcrums": "Pinterest Marketing Service",

    "heading_first": "Create a Win-Win situation with our Pinterest Marketing Service",
    "paragraph": "<p>Pinterest marketing services can be a benefit for your brand since the platform is rapidly becoming a search thrust for individuals all across the sphere. Presently, the platform has more than one hundred seventy five million active users who use the appealing pinboards according to their favoured niche of interest.</p><p>We, as India's finest Pinterest marketing service providers can endorse your business brands by creating pins as well as sharing them organically to observe which kind of pins perform well in terms of clicks and re-pins.</p><p>Utilizing Pinterest as a marketing proposal can be of huge benefit to any brand that wants to skyrocket its sales. If you want to connect the true power of Pinterest for your boosting your brand’s ROI, MEDIATRENZ is the ultimate solution for you. We provide sophisticated, new-age solutions as Pinterest marketing services that can help in scaling your business on Pinterest.</p>",
    "sub-paragraph_first": "<p>Pinterest is nothing less than an online list that you will love to show off for marketing your appealing products or else services. There can be a noteworthy boost in website traffic and SEO and as an add-on when Pinterest marketing is blended with over-arching social media marketing, you can thrust traffic and sales to your website while boosting your online community. Here are some benefits of investing in Pinterest ads or marketing.</p>",
    "image_first_url": "/images2/pinimg1.webp",

    "heading_third": "Access to an engaged community",
    "paragraph_third": "<p>Unlike the egotistical and meme-fond community on other social media platforms, the one on Pinterest is extremely engaged. The Pinterest viewers keep sharing pins that they discover with both small as well as large groups. So, you have to toil less on marketing and at the similar time, you can get massive exposure in a very short period. Also, Pinterest ads cost quite less than other sponsored ads, which makes them a specific bang for the bucks!</p>",
    "green_heading_third": "More website traffic",
    "green_paragraph": "<p>If your website is filled with imaginative and eye-catching products or else services, then Pinterest is just the correct platform to do the promotion. On MEDIATRENZ, we craft a full-proof as well as customized Pinterest marketing strategy for each business to assist them boost their website traffic by boosting links back to their site. Augmented traffic won’t just do wonders for your online visibility but can have a positive effect on sales as well.",
    "pink_heading_third": "Hiked conversions",
    "pink_paragraph": "<p>It is moderately evident from the facts stated over that many Pinterest users utilize the platform to plan their future purchases. Because of this approach of the Pinterest community, the platform can assist you to abridge your marketing pipeline plus save all the additional cash that you required to make or spot qualified leads. The more leads you obtain the more your conversion ramble. So say Hi! to your new blossom Pinterest and get prepared for your business to attain new-found heights.</p>",

    "image_fourth_url": "/images2/pinimg3.webp",
    "heading_fourth": "What we do?",
    "paragraph_fourth": "<p>We often reorganize your boards and putting topmost boards on the top slots. We do it quite regularly make sure relevancy of the boards. Below are the considered activities that our SMM services professionals perform during Board creation</p>",
    "insta_bullet_style": "<li> <i class='fi fi-bs-check-circle'></i>Creation of Boards with amazing and eye-catchy titles</li> <li> <i class='fi fi-bs-check-circle'></i>Keyword rich Board description</li> <li> <i class='fi fi-bs-check-circle'></i>Re-pin additional images</li> <li> <i class='fi fi-bs-check-circle'></i>Set latest pin as the largest pin</li>",
    "paragraph_sub_fourth": "<p>Once we accomplish the procedure, we go ahead with more pioneering steps such as number of contests to request more and more users on your profile. Our Pinterest Promotion Services systematize virtual monthly board contest as well as announce most repined board wins. This scheme sustains the keenness of users who visit your business board. Being the chief Pinterest Marketing service provider, we recognize the significance of Pinterest marketing services in the trade world. Our complete marketing approach makes sure key business benefits to the customers.</p>",
    "insta_bullet_style_forth": "<li> <i class='fi fi-bs-check-circle'></i>Maximum Customer reach</li> <li> <i class='fi fi-bs-check-circle'></i>Improved business reliability</li> <li> <i class='fi fi-bs-check-circle'></i>Enhanced market latent</li> <li> <i class='fi fi-bs-check-circle'></i>Rapid customer connect</li>",

    "heading_fifthh": "The number of pins is directly comparative to the number of backlinks",
    "paragraph_sub_fifth": "<p>The entire idea of Pinterest is built around stunning and educational images. There is also image source functionality and specialist marketers adjoin a link to the source of the pin or image to produce backlink. If you deliberately pin images from your website, you can always leave a digital trail that will be simple for both major search engines and consumers to follow.</p>",
    "image_fifth_url": "/images2/seoser-parallax-bg.webp",

    "heading_sec2": "Our SMO ADS Packages",
    "heading_sub_sec2": "HIGH QUALITY SMO ADS SOLUTIONS FOR BUSINESSES",
    "packages": [
      {
        "num": "01",
        "packagename": "SMO Silver",
        "packageprice": "$280",
        "link": "smo-packages.php"
      },
      {
        "num": "02",
        "packagename": "SMO Gold",
        "packageprice": "$480",
        "link": "smo-packages.php"
      },
      {
        "num": "03",
        "packagename": "SMO Platinum",
        "packageprice": "$780",
        "link": "smo-packages.php"
      },
      {
        "num": "04",
        "packagename": "SMO Diamond",
        "packageprice": "$1180",
        "link": "smo-packages.php"
      }
    ],
    "services": [
      {
        "num": "01",
        "link": "facebook-marketing-services.php",
        "servicename": "FACEBOOK MARKETING SERVICE",
        "servicedesc": "Facebook is the largest social media network in the world...",
        "serviceicon": "<i class='fi fi-brands-facebook'></i>"
      },
      {
        "num": "02",
        "link": "instagram-marketing-service.php",
        "servicename": "INSTAGRAM MARKETING SERVICE",
        "servicedesc": "As the second-largest social media platform, Instagram’s...",
        "serviceicon": "<i class='fi fi-brands-instagram'></i>"
      },
      {
        "num": "03",
        "link": "pinterest-marketing-service.php",
        "servicename": "PINTEREST MARKETING SERVICE",
        "servicedesc": "Pinterest marketing services can be a boon for your brand...",
        "serviceicon": "<i class='fi fi-brands-pinterest'></i>"
      },
      {
        "num": "04",
        "link": "linkedin-marketing-service.php",
        "servicename": "LINKEDIN MARKETING SERVICE",
        "servicedesc": "Most companies have realized that, when done right, social media...",
        "serviceicon": "<i class='fi fi-brands-linkedin'></i>"
      },
      {
        "num": "05",
        "link": "twitter-marketing-service.php",
        "servicename": "TWITTER MARKETING SERVICE",
        "servicedesc": "You definitely might have come across Twitter- the worldwide...",
        "serviceicon": "<i class='fi fi-brands-twitter-alt'></i>"
      }
    ]
  },

  {
    "id": 4,
    "meta_title": "/Linkedin Marketing Services | MEDIATRENZ",
    "meta_description": "We provide LinkedIn marketing services wherein we incorporate social media along with your B2B advertising efforts to help you increase sales and generate highly targeted leads.",
    "meta_keywords": "Linkedin Marketing Services",
    "meta_og_title": "Linkedin Marketing Services | MEDIATRENZ",
    "meta_og_description": "We provide LinkedIn marketing services wherein we incorporate social media along with your B2B advertising efforts to help you increase sales and generate highly targeted leads.",
    "meta_og_image": "https://mediatrenz.com/images2/linkedin-marketing-banner.webp",
    "meta_og_url": "https://mediatrenz.com/linkedin-marketing-service.php",
    "slug": "/linkedin-marketing-service.php",
    "page_title": "LinkedIn Marketing Service",
    "banner_image_url": "/images2/linkedin-marketing-banner.webp",
    "breadcrums": "LinkedIn Marketing Service",

    "heading_first": "Boost Traffic Website traffic and leads through our LinkedIn Marketing Services",
    "paragraph": "<p>Most businesses have realized that, when done correctly, social media can be a powerful tool for driving sales. The trouble is that several times companies don’t have a genuine idea of how to power paid social media campaigns in a method that gets consequences. With our LinkedIn marketing services, we can incorporate social media with the rest of your B2B advertising efforts to assist you drive sales and produce extremely targeted leads.</p><p>LinkedIn outshines as a B2B networking tool, creating consciousness for high-quality panoramas who are most probable to become customers. With our assistance, you can harness LinkedIn’s full possible by targeting decision makers based on their specific industries, the size of their business or their interest in particular topics. We expand strategies that permit you to discover and connect with these visions in a more natural method.</p>",
    "sub-paragraph_first": "",
    "image_first_url": "/images2/linkedinimg1.webp",

    "heading_third": "What is LinkedIn Advertising?",
    "paragraph_third": "<p>LinkedIn marketing is a B2B-based advertising platform, utilized by thousands of businesses. Our LinkedIn marketing team works with this platform to publicize for numerous industries. This comprises e-commerce, health & beauty, wellness, plus more. LinkedIn Advertising is an effectual method to improve your company’s reliability and drive traffic to your company page. LinkedIn is complete of business experts who want to advance their business or else career ambitions. Over fifty percent of LinkedIn users have a college degree. This signifies your business will be capable to reach a more educated audience. Due to the expert nature of LinkedIn, it is probable that your endorsements will be taken more sincerely. This is the accurate platform for you to accomplish assessment makers and high-level executives.</p>",
    "paragraph_sub_third": "<p>Brand name is essential and reaching your targeted audience is the ideal way to increase not only brand name, but brand value too. Being a business-focused platform, LinkedIn is ideal to reach out for expanding your business and making a mark in your field.",
    "paragraph_parallel_third": "<p>LinkedIn is a social platform that is business-oriented, and therefore every business looking to make a name for themselves create a LinkedIn business profile. It, therefore, becomes easy to do research and keep a check on competitors.</p>",
    "green_heading_third": "REACH TARGETED AUDIENCE",
    "pink_heading_third": "UP-TO-DATE WITH COMPETITOR STRATEGIES",
    "pink_paragraph": "<p>LinkedIn is a social platform that is business-oriented, and therefore every business looking to make a name for themselves create a LinkedIn business profile. It, therefore, becomes easy to do research and keep a check on competitors.</p>",

    "image_fourth_url": "/images2/linkedinimg3.webp",
    "heading_fourth": "Why Advertise on LinkedIn?",
    "paragraph_fourth": "<p>With over 740 million consumers, LinkedIn advertising can assist you reach a more expert and educated viewers. 94% of B2B marketers utilize LinkedIn to market their business. This makes LinkedIn one of the most admired social media platforms utilized by B2B businesses. Your business will significantly advantage from LinkedIn ads, whether your goal is to grow possible consumers, boost engagement rate, or else boost your company’s brand consciousness. LinkedIn advertising presents the unique capability to modify your messaging and reach out honestly to your target demographic. This makes it simpler to erect a connection with possible customers and boost consciousness. When you invest in LinkedIn advertising, you will also be capable to boost your business reliability.</p><p>Being the most-used platform by affluence five hundred companies, it may be delicate to convince high-level executives as well as decision-makers to faith your company. But don’t let that shock you! With MEDIATRENZ on your side, we have the abilities and experience to lead your business in the right course.</p>",
    "insta_bullet_style": "",
    "paragraph_sub_fourth": "",
    "insta_bullet_style_forth": "",

    "heading_fifth": "How LinkedIn Advertising has enhanced",
    "paragraph_fifth": "<p>In the past you may have heard that LinkedIn marketing did not have several features. But, in the last few years, LinkedIn Business made modifications and developments to their advertising platform. Before, marketers could only promote to a very universal audience, making it hard to get leads. Now, LinkedIn has a trait where you can target by job function, location, as well as more. Before the modifications, consumers were not able to track the development of their campaign, but now marketers are capable to observe their progress. In our society, we do all the tracking for you. With the assistance of our LinkedIn marketing agency to create, expand, and track your campaign, you can be certain that you will get the most bangs for your buck!</p>",
    "heading_sub_fifth": "",
    "image_fifth_url": "/images2/linkedinimg4.webp",

    "heading_sec2": "Our SMO ADS Packages",
    "heading_sub_sec2": "HIGH QUALITY SMO ADS SOLUTIONS FOR BUSINESSES",
    "packages": [
      {
        "num": "01",
        "packagename": "SMO Silver",
        "packageprice": "$280",
        "link": "smo-packages.php"
      },
      {
        "num": "02",
        "packagename": "SMO Gold",
        "packageprice": "$480",
        "link": "smo-packages.php"
      },
      {
        "num": "03",
        "packagename": "SMO Platinum",
        "packageprice": "$780",
        "link": "smo-packages.php"
      },
      {
        "num": "04",
        "packagename": "SMO Diamond",
        "packageprice": "$1180",
        "link": "smo-packages.php"
      }
    ],
    "services": [
      {
        "num": "01",
        "link": "facebook-marketing-services.php",
        "servicename": "FACEBOOK MARKETING SERVICE",
        "servicedesc": "Facebook is the largest social media network in the world...",
        "serviceicon": "<i class='fi fi-brands-facebook'></i>"
      },
      {
        "num": "02",
        "link": "instagram-marketing-service.php",
        "servicename": "INSTAGRAM MARKETING SERVICE",
        "servicedesc": "As the second-largest social media platform, Instagram’s...",
        "serviceicon": "<i class='fi fi-brands-instagram'></i>"
      },
      {
        "num": "03",
        "link": "pinterest-marketing-service.php",
        "servicename": "PINTEREST MARKETING SERVICE",
        "servicedesc": "Pinterest marketing services can be a boon for your brand...",
        "serviceicon": "<i class='fi fi-brands-pinterest'></i>"
      },
      {
        "num": "04",
        "link": "linkedin-marketing-service.php",
        "servicename": "LINKEDIN MARKETING SERVICE",
        "servicedesc": "Most companies have realized that, when done right, social media...",
        "serviceicon": "<i class='fi fi-brands-linkedin'></i>"
      },
      {
        "num": "05",
        "link": "twitter-marketing-service.php",
        "servicename": "TWITTER MARKETING SERVICE",
        "servicedesc": "You definitely might have come across Twitter- the worldwide...",
        "serviceicon": "<i class='fi fi-brands-twitter-alt'></i>"
      }
    ]
  },

  {
    "id": 5,
    "meta_title": "/Twitter Marketing Services | MEDIATRENZ",
    "meta_description": "MEDIATRENZ helps you make your Twitter effective and gain efficient followers by maximizing relevant impressions and increasing lead scores and quality!",
    "meta_keywords": "Twitter Marketing Service",
    "meta_og_title": "Twitter Marketing Service | MEDIATRENZ",
    "meta_og_description": "MEDIATRENZ helps you make your Twitter effective and gain efficient followers by maximizing relevant impressions and increasing lead scores and quality!",
    "meta_og_image": "https://mediatrenz.com/images2/twitter-marketing-banner.webp",
    "meta_og_url": "https://mediatrenz.com/twitter-marketing-service.php",
    "slug": "/twitter-marketing-service.php",
    "page_title": "Twitter Marketing Service",
    "banner_image_url": "/images2/twitter-marketing-banner.webp",
    "breadcrums": "Twitter Marketing Service",

    "heading_first": "Twitter marketing services – Fastest and Simplest way to get to your audience",
    "paragraph": "<p>Twitter marketing services from our in-house social media strategists and content creators drive brand awareness, follower engagement and influencer relations.</p><p>We run organic as well as paid Twitter campaigns that make maximum ROI.</p>",
    "sub-heading": "How Twitter Fits Into Your Digital Marketing Approach?",
    "sub-paragraph": "<p>There are more than three hundred thirty million monthly active users on Twitter, granting you the occasion to reach a large following and form continuing connections through your content.</p><p>As a must-have distribution as well as endorsement channel, social media enhances your brand, connects your audience and keeps your marketing responsive to the hottest business conversations, breaking news as well as trending topics. Visualize Twitter as your greatest, simplest technique to take the pulse of your viewers.</p>",
    "sub-paragraph_first": "<p>Through surveys, polls, concurrent trend monitoring and a collection of other intuitive marketing aspects, your Twitter feed is a treasure trove of actionable audience insights.</p><p>Develop your digital marketing strategy with Twitter marketing services from MEDIATRENZ – one scheduled tweet at a time.</p><p>Twitter is an effective platform and MEDIATRENZ makes you acquire efficient followers for maximising pertinent impressions and boosting lead score and quality! Although the web has several marketing tips on how to purchase Twitter followers, the crux of your achievement lies in the messaging. MEDIATRENZ makes your content click-worthy for appropriate people and boosts your followers by addressing top of mind problems.</p><p>The Twitter audience is mainly enthusiastic and sensitive. By utilizing that potential, we make sure your impressions convert into clicks and your content drives traffic to applicable product pages. MEDIATRENZ also offers a reasonable Twitter marketing plan to help you accomplish more sales.</p>",
    "image_first_url": "/images2/twitterimg1.webp",

    "heading_third": "Benefits of Using A Twitter Marketing Strategy",
    "heading_tw_third": "Stay Relevant With Twitter Chat & Hashtags",
    "paragraph_third": "<p>Do you want more interaction from your followers and target audience? Use Twitter Chat with the perfect hashtags! You can create, schedule and host a Twitter chat to entice your followers to engage, build more connections with them and increase brand awareness. And if paired up with hashtags unique to your brand or topic, it can widen your reach and get more people to talk about your brand.</p><p>Signing up for a Twitter account for your business is free, which is why Twitter marketing is one of the most effective ways to promote your brand. You won’t have to spend money in marketing your Twitter profile. This is perfect for small businesses and start-up companies who want to reach their target audience all around the globe without allocating so much from your budget.</p>",
    "paragraph_sub_third": "<p>When you use Twitter advertising, you have the option to find your real, potential customers by locating Twitter users who share similar interests. And by showing your Twitter campaign to this set of custom audience, it will definitely boost your chances for conversions.",
    "paragraph_parallel_third": "<p>If you want your brand to be seen as a thought leader in the industry, your tweets should be able to reflect that. Twitter users are more likely to follow brands that are relevant and transparent with their tweets by publishing informative yet engaging content.</p>",
    "green_heading_third": "Targeted Marketing",
    "pink_heading_third": "Establish Professionalism",

    "image_fourth_url": "/images2/twitterimg3.webp",
    "heading_fourth": "How Our Twitter Marketing Package Works",
    "paragraph_fourth": "",
    "insta_bullet_style": "<li><strong>Profile Set Up </strong> <i class='fi fi-bs-check-circle'></i>- Your Twitter profile is the place to allow your audience know who you are, what you do, and how you can aid them. We commence by creating an optimized profile that will enhance the visibility of your account and tempt fresh followers. And, since Google illustrates Twitter profiles in its search results, we will optimize your account for SEO by adding targeted keywords.</li> <li><strong>Content Strategy</strong><i class='fi fi-bs-check-circle'></i>- Promoting huge content is a vast part of what Twitter is all about. Our expert social media team dives profound into Twitter and industry analytics to resolve the hashtags and content topics that will persuade the most clicks from your target audience. Then, we make and share the content at finest times in order to drive engagement.</li> <li> <strong>Follower Growth</strong><i class='fi fi-bs-check-circle'></i>- In order to endorse follower growth, we aim our content development efforts toward your perfect audience, speaking straight to their requirements, challenges, as well as desires. Part of the procedure involves the creation of inclusive buyer profiles that assist us align our content with the interests of your probable followers. After that, we administer and preserve your Twitter community with appropriate responses and social engagement.</li> <li> <strong>Twitter Cards Set Up</strong><i class='fi fi-bs-check-circle'></i>- To aid you maximize your consequences from Twitter and convert your followers into website visitors, we arrange Twitter Cards on your website. Twitter Cards turn all Twitter shares of links to your content into rich media experiences that draw the eye and enhance audience engagement.</li><li><strong>Twitter Advertising </strong> <i class='fi fi-bs-check-circle'></i>- Advertising on Twitter let you target niche audiences down to the keywords they search for and the TV shows they watch. Our expert Twitter campaign management team makes optimized ads for your products as well as services that convert visitors into leads and consumers. Then, we implement your campaign and optimize it incessantly by pausing and tweaking the lower performing ads and amplifying the best.",
    "paragraph_sub_fourth": "",
    "insta_bullet_style_forth": "",

    "heading_fifth": "Your Tweets Matter! Why is Twitter Marketing Important?",
    "paragraph_fifth": "<p>Twitter is known for being a social network platform that is used by celebrities to update the public about their lives, but Twitter is also an amazing platform for businesses to connect with their current and potential clients. Twitter has over 330 million monthly active users, providing a large pool of people for businesses to connect with. Branding your business is one of the biggest benefits of using Twitter marketing for your business. Constantly putting out updates and content about your business helps define the type of voice your business has.</p>",
    "heading_sub_fifth": "Promoting great content is a huge part of what Twitter is all about.",
    "image_fifth_url": "/images2/twitterimg4.webp",

    "heading_sec2": "Our SMO ADS Packages",
    "heading_sub_sec2": "HIGH QUALITY SMO ADS SOLUTIONS FOR BUSINESSES",
    "packages": [
      {
        "num": "01",
        "packagename": "SMO Silver",
        "packageprice": "$280",
        "link": "smo-packages.php"
      },
      {
        "num": "02",
        "packagename": "SMO Gold",
        "packageprice": "$480",
        "link": "smo-packages.php"
      },
      {
        "num": "03",
        "packagename": "SMO Platinum",
        "packageprice": "$780",
        "link": "smo-packages.php"
      },
      {
        "num": "04",
        "packagename": "SMO Diamond",
        "packageprice": "$1180",
        "link": "smo-packages.php"
      }
    ],
    "services": [
      {
        "num": "01",
        "link": "facebook-marketing-services.php",
        "servicename": "FACEBOOK MARKETING SERVICE",
        "servicedesc": "Facebook is the largest social media network in the world...",
        "serviceicon": "<i class='fi fi-brands-facebook'></i>"
      },
      {
        "num": "02",
        "link": "instagram-marketing-service.php",
        "servicename": "INSTAGRAM MARKETING SERVICE",
        "servicedesc": "As the second-largest social media platform, Instagram’s...",
        "serviceicon": "<i class='fi fi-brands-instagram'></i>"
      },
      {
        "num": "03",
        "link": "pinterest-marketing-service.php",
        "servicename": "PINTEREST MARKETING SERVICE",
        "servicedesc": "Pinterest marketing services can be a boon for your brand...",
        "serviceicon": "<i class='fi fi-brands-pinterest'></i>"
      },
      {
        "num": "04",
        "link": "linkedin-marketing-service.php",
        "servicename": "LINKEDIN MARKETING SERVICE",
        "servicedesc": "Most companies have realized that, when done right, social media...",
        "serviceicon": "<i class='fi fi-brands-linkedin'></i>"
      },
      {
        "num": "05",
        "link": "twitter-marketing-service.php",
        "servicename": "TWITTER MARKETING SERVICE",
        "servicedesc": "You definitely might have come across Twitter- the worldwide...",
        "serviceicon": "<i class='fi fi-brands-twitter-alt'></i>"
      }
    ]
  }
]
