[
  {
    "id": 1,
    "meta_title": "",
    "meta_description": "",
    "meta_keywords": "",
    "meta_og_title": "",
    "meta_og_description": "",
    "meta_og_image": "",
    "meta_og_url": "",
    "slug": "/VA-Real-Estate.php",
    "page_title": "Real Estate Administrative Assistant",
    "banner_image_url": "/images2/realstate-banner.png",
    "breadcrums": "Real Estate Administrative Assistant",
    "first_img_url": "images2/real1.png",
    "first_img_alt": "Real Estate",
    "first_heading": "Real Estate Administrative Assistant Services",
    "first_subheading": "Welcome to Mediatrenz Real Estate Administrative Assistant Services",
    "first_para": "<p>In the fast-paced world of real estate, effective administrative support is essential for maintaining organization and ensuring smooth business operations. At Mediatrenz, we offer specialized Real Estate Administrative Assistants who excel in managing the multifaceted tasks necessary to streamline real estate transactions and foster strong client relationships.</p>",
    "first_subheading2": "Streamlining Property Management and Listings",
    "first_para2": "<p>Our Real Estate Administrative Assistants are experts in managing property listings. They ensure that each listing is accurately described, regularly updated, and published on multiple platforms. This includes meticulously crafting property descriptions, uploading.</p>",
    "first_para3": "<p>High-quality images, and ensuring that all information is current to attract potential buyers. Our assistants also handle the coordination of property showings, schedule appointments between buyers and sellers, and manage open houses to maximize the exposure of your listings. They prepare compelling property presentations and marketing materials, tailored to highlight the unique features of each property and appeal to prospective buyers.</p>",
    "first_subheading3": "Efficient Client Communication and Liaison Services",
    "first_para4": "<p>Effective communication is a cornerstone of successful real estate transactions. Our Real Estate Administrative Assistants handle all aspects of client communication with professionalism and efficiency. They manage client inquiries, follow up on leads, and provide timely updates on transaction statuses. Acting as a liaison between clients and agents, they ensure that all parties remain informed and engaged throughout the process. This includes addressing any concerns, answering questions promptly, and facilitating smooth interactions to enhance client satisfaction.</p>",
    "first_subheading4": "Meticulous Administrative Record-Keeping",
    "first_para5": "<p>Precision in administrative record-keeping is critical in the real estate industry. Our assistants maintain detailed records of transactions, client interactions, and appointments with a high level of accuracy. This meticulous attention to detail supports compliance with industry regulations and aids in accurate reporting and forecasting. By keeping comprehensive records, our assistants help ensure that all aspects of the transaction process are documented and easily accessible.</p>",
    "first_subheading5": "Managing Correspondence and Documentation",
    "first_para6": "<p>In addition to core administrative tasks, our Real Estate Administrative Assistants manage a range of correspondence. They draft and send emails, create reports, and handle phone calls with professionalism. Their role also includes preparing contracts and ensuring that all documentation is completed accurately and filed properly. This support is crucial for maintaining the flow of information and ensuring that all contractual and legal requirements are met.</p>",
    "first_subheading6": "Supporting Real Estate Professionals",
    "first_para7": "<p>By entrusting these administrative tasks to our skilled assistants, real estate professionals can focus on their primary responsibilities—closing deals, building client relationships, and expanding their business. Our services not only enhance operational efficiency but also improve the overall client experience. With Mediatrenz’s Real Estate Administrative Assistants, you gain a reliable partner dedicated to managing the administrative details, allowing you to concentrate on achieving your business objectives.</p><p class='mb-5'>At Mediatrenz, our goal is to support your success by handling the essential administrative tasks that keep your real estate operations running smoothly. Let us take care of the details so you can focus on what matters most—growing your business and serving your clients.</p>"
  },
  {
    "id": 2,
    "meta_title": "",
    "meta_description": "",
    "meta_keywords": "",
    "meta_og_title": "",
    "meta_og_description": "",
    "meta_og_image": "",
    "meta_og_url": "",
    "slug": "/virtual-assistant.php",
    "page_title": "Virtual Assistant",
    "banner_image_url": "/images2/affordable-seo-services-banner.webp",
    "breadcrums": "Virtual Assistant",
    "first_img_url": "images2/virtual-assistant.png",
    "first_img_alt": "Virtual-assistant",
    "first_heading": "Virtual Assistant Services",
    "first_subheading": "Welcome to Mediatrenz Virtual Assistant Services",
    "first_para": "<p>At <b>Mediatrenz</b>, we understand how day-to-day activities could be overwhelming. That is why we offer Virtual Assistant services to professional clients, ensuring your tasks are streamlined and you are productive enough to really focus on the core business—growing it.</p>",
    "first_subheading2": "Why Choose Our Virtual Assistant Services?",
    "first_para2": "<p>With top-notch support, our team of VAs is second to none. Here's why Mediatrenz is your right choice.</p><p><b>Customized Solutions:</b> We offer a range of services that can be customized to fit your specific requirements. Be it administrative tasks, project management, or customer support—our team has your back.</p><p><b>Experienced Professionals:</b> Our virtual assistants have gotten guidance and practice in different legitimate and pragmatic assignments. They offer wide ranges of abilities and information from different businesses to any organization.</p>",
    "first_para3": "<p><b>Cost-Effective:</b> Save on overhead costs by outsourcing your administrative tasks to us. Our services at Mediatrenz are designed to be cost-effective while delivering high-quality results.</p><p><b>Flexible Support:</b> Our virtual assistants are available either full- or part-time, giving you the freedom to scale your assistance as your company expands.</p>",
    "first_subheading3": "Our Virtual Assistant Services Include:",
    "first_para4": "<p><b>Administrative Support:</b> Schedule management, email correspondence, data entry, document preparation, and more.</p><p><b>Customer Service:</b> Also responsible for handling customer inquiries, managing support tickets, and providing top-class service to ensure customer satisfaction.</p><p><b>Social Media Management:</b> Create and schedule posts, manage your social media accounts, engage with your audience—every little thing to enhance your online presence.</p><p><b>Project Management:</b> Organize the tasks and track the progress of the projects, assuring that they end on time by availing our expert management services.</p><p><b>Research and Data Analysis:</b> Conduct market research, compile data, and provide insights to help you make informed business decisions.</p><p><b>Personal Assistance:</b> Organize personal tasks, appointments, and journeys to help you in keeping a work-life balance.</p>",
    "first_subheading4": "How It Works",
    "first_para5": "<p><b>Consultation:</b> We begin by having a consultation in order to understand what you need and exactly how we can best help your business.</p><p><b>Assignment:</b> Based on your requirements, an individual virtual assistant will be assigned to you and will work in close coordination.</p><p><b>Execution:</b> Virtual assistant at Mediatrenz keeps you updated regarding every step of the process.</p><p><b>Feedback and Improvement:</b> We at Mediatrenz are always eager to hear your feedback, guaranteeing that our services meet and exceed your expectations.</p>",
    "first_subheading5": "Get Started Today",
    "first_para6": "<p class='mb-5'>Need to help your efficiency and start smoothing out your activities? Allow Mediatrenz to help. Reach us to examine how our Virtual Colleague services will help your business. Finish up our contact structure or call us today.</p>"
  },
  {
    "id": 3,
    "meta_title": "",
    "meta_description": "",
    "meta_keywords": "",
    "meta_og_title": "",
    "meta_og_description": "",
    "meta_og_image": "",
    "meta_og_url": "",
    "slug": "/lead_generation.php",
    "page_title": "Lead Generation",
    "banner_image_url": "/images2/lead-g.jpg",
    "breadcrums": "Lead Generation",
    "first_img_url": "images2/lead.png",
    "first_img_alt": "Real Estate",
    "first_heading": "Lead Generation",
    "first_subheading": "Welcome to Mediatrenz Lead Generation",
    "first_para": "<p>In the competitive landscape of business, effective lead generation is crucial for fostering growth and expanding your customer base. At Mediatrenz, we specialize in providing lead generation services designed to identify and qualify potential leads that align with your business objectives, ultimately driving growth and increasing revenue.</p>",
    "first_subheading2": "Understanding Your Target Audience and Business Goals",
    "first_para2": "<p>Our lead generation process begins with a deep understanding of your target audience and business goals. We conduct comprehensive market research to uncover potential prospects and gain valuable insights into their needs, preferences, and behaviors. This research serves as the foundation for our lead generation strategies, ensuring that we target the right audience and tailor our approach to resonate with them effectively.</p>",
    "first_subheading3": "Employing Diverse Techniques and Tools",
    "first_para4": "<p>To generate high-quality leads, we utilize a variety of techniques and tools that cater to different aspects of your marketing strategy. Our approach includes:</p><p><b>Content Marketing:</b> We create engaging and informative content that captures the interest of potential leads. By providing valuable information relevant to your audience, we establish your business as a thought leader and encourage prospects to engage with your brand.</p><p><b>Social Media Campaigns:</b> Our team leverages social media platforms to connect with potential leads and drive engagement. Through targeted campaigns, we increase visibility, foster interactions, and capture leads who show interest in your products or services.</p><p><b>Email Marketing:</b> We design and execute email campaigns that reach out to prospects with personalized messages. These campaigns are crafted to nurture leads, provide relevant updates, and prompt action, thereby enhancing your chances of converting leads into customers.</p><p><b>Search Engine Optimization (SEO):</b> By optimizing your website and content for search engines, we improve your online visibility and attract organic traffic. Our SEO strategies help ensure that your business appears prominently in search results when potential leads are seeking solutions you offer.</p>",
    "first_subheading4": "Qualifying Leads for Enhanced Efficiency",
    "first_para5": "<p>Lead qualification is a critical component of our lead generation process. We evaluate each lead based on specific criteria, such as their level of interest, budget, and readiness to purchase. This rigorous qualification process allows us to focus your efforts on leads with the highest potential for conversion, thereby improving your sales efficiency and return on investment (ROI).</p>",
    "first_subheading5": "Nurturing Leads Through the Sales Funnel",
    "first_para6": "<p>Effective lead nurturing is essential for converting prospects into customers. Our team employs personalized communication strategies to build relationships with leads and guide them through the sales funnel. This includes regular follow-ups, addressing their needs and concerns, and providing relevant information to keep them engaged. Our goal is to transition leads from initial interest to a stage where they are ready to engage directly with your sales team.</p>",
    "first_subheading6": "Providing Detailed Reporting and Analytics",
    "first_para7": "<p>To measure the effectiveness of our lead generation efforts, we offer detailed reporting and analytics. Our reports provide insights into the performance of various strategies, helping you understand which approaches yield the best results. This data-driven approach allows you to make informed decisions about where to allocate resources and optimize your lead generation efforts for maximum impact.</p>",
    "first_subheading7" :"Partnering for Success", 
    "first_para8":"<p class='mb-5'>By partnering with Mediatrenz for lead generation, you gain access to a dedicated team focused on driving your business growth. Our expertise and strategic approach ensure that you receive high-quality leads that can significantly contribute to your success. With our support, you can expand your customer base, enhance your sales efficiency, and achieve your business objectives with greater ease.</p>"
},
{
    "id": 4,
    "meta_title": "",
    "meta_description": "",
    "meta_keywords": "",
    "meta_og_title": "",
    "meta_og_description": "",
    "meta_og_image": "",
    "meta_og_url": "",
    "slug": "/email_assistance.php",
    "page_title": "Email Assistance",
    "banner_image_url": "/images2/email-va-banner.jpg",
    "breadcrums": "Email Assistance",
    "first_img_url": "images2/emailvas.png",
    "first_img_alt": "Real Estate",
    "first_heading": "Email Assistance",
    "first_subheading": "Welcome to Mediatrenz Email Assistance",
    "first_para": "<p>In today's digital age, efficient email management is crucial for maintaining effective communication and staying organized. At Mediatrenz, our Email Assistance services are tailored to help you manage your email communications seamlessly, ensuring that your inbox remains orderly and that you never miss an important message.</p>",
    "first_subheading2": "Comprehensive Inbox Management",
    "first_para2": "<p>Our Email Assistance services start with meticulous inbox management. We sort and prioritize incoming messages, filtering out spam and categorizing emails based on their urgency and importance. This systematic organization allows you to focus on high-priority communications while keeping less urgent messages in a manageable state. By maintaining a well-organized inbox, you can streamline your workflow and ensure that critical emails receive prompt attention.</p>",
    "first_subheading3": "Timely Email Responses and Follow-Ups",
    "first_para4": "<p>Prompt response to emails is essential for maintaining professional relationships and ensuring smooth operations. Our team handles routine inquiries, drafts responses, and manages follow-ups with precision. We ensure that each message is addressed in a timely manner, helping you maintain clear and efficient communication with clients, colleagues, and partners. Additionally, we assist with managing email templates to ensure consistent and professional communication across various scenarios.</p>",
    "first_subheading4": "Effective Email Campaign Management",
    "first_para5": "<p>Managing email campaigns is a key component of our Email Assistance services. We take care of creating, scheduling, and monitoring email marketing campaigns to ensure they effectively reach your target audience. Our team tracks campaign performance, analyzes metrics such as open and click-through rates, and provides actionable insights to optimize future campaigns. This data-driven approach helps enhance the effectiveness of your email marketing efforts and drives better engagement with your audience.</p>",
    "first_subheading5": "Email List Management and Data Accuracy",
    "first_para6": "<p>Maintaining accurate and up-to-date email lists is crucial for effective communication. Our services include managing email lists, segmenting contacts based on relevant criteria, and ensuring data accuracy. We handle list maintenance to ensure that your email communications are targeted and relevant to each recipient. By keeping your lists organized and current, we help improve engagement rates and reduce unsubscribe rates.</p>",
    "first_subheading6": "Organizing and Archiving Emails",
    "first_para7": "<p>An organized email system contributes to overall productivity and efficiency. We assist with setting up folders and filters to keep your inbox organized and facilitate easy access to important emails. Additionally, we help with archiving older emails to free up space and maintain a clutter-free email environment. This ensures that your email system remains efficient and manageable, allowing you to focus on more strategic tasks.</p>",
    "first_subheading7" :"Partnering for Enhanced Productivity", 
    "first_para8":"<p class='mb-5'>By leveraging Mediatrenz’s Email Assistance services, you gain a reliable partner dedicated to managing your email communications effectively. Our goal is to enhance your productivity, streamline your email processes, and ensure that your communications are well-organized and impactful. With our support, you can focus on your core responsibilities, confident that your email management is in capable hands.</p>"
},
{
    "id": 5,
    "meta_title": "",
    "meta_description": "",
    "meta_keywords": "",
    "meta_og_title": "",
    "meta_og_description": "",
    "meta_og_image": "",
    "meta_og_url": "",
    "slug": "/administration_services.php",
    "page_title": "Administration Services",
    "banner_image_url": "/images2/administration-services-banner.jpg",
    "breadcrums": "Administration Services",
    "first_img_url": "images2/administration.png",
    "first_img_alt": "Real Estate",
    "first_heading": "Administration Services",
    "first_subheading": "Welcome to Mediatrenz Administration Services",
    "first_para": "<p>Effective administrative support is crucial for maintaining a well-structured and efficient business operation. At Mediatrenz, we offer comprehensive Administration Services designed to handle a wide range of tasks, tailored to meet the unique needs of your business. Our goal is to ensure that your administrative functions run smoothly, allowing you to focus on your core business activities and strategic growth.</p>",
    "first_subheading2": "Data Entry and Management",
    "first_para2": "<p>Accurate data entry is fundamental for maintaining reliable business operations. Our team expertly handles the input and management of data into your systems, including updating databases, entering customer information, and maintaining records.</p>",
    "first_para3":"<p>We ensure that all data is processed with precision, providing a solid foundation for decision-making and operational efficiency. By managing your data accurately, we help you avoid errors and maintain the integrity of your business information.</p>",
    "first_subheading3": "Document Preparation and Formatting",
    "first_para4": "<p>The creation and management of professional documents are essential for effective communication and presentation. Our Administration Services include document preparation, where we assist with creating, formatting, and proofreading a variety of documents such as reports, presentations, and proposals. Our meticulous attention to detail ensures that all documents are error-free, professionally formatted, and ready for distribution, enhancing your business's image and credibility.</p>",
    "first_subheading4": "Scheduling and Calendar Management",
    "first_para5": "<p>Staying organized and productive requires effective scheduling and calendar management. Our team coordinates appointments, manages meeting schedules, and handles reminders to keep you on track with your commitments. We help you avoid scheduling conflicts and optimize your time by ensuring that all appointments and meetings are well-organized and timely. This support allows you to focus on high-priority tasks without the stress of managing your calendar.</p>",
    "first_subheading5": "Office Management Support",
    "first_para6": "<p>A well-organized office environment is key to operational efficiency. Our office management support includes managing office supplies, coordinating with vendors, and handling general administrative functions. We ensure that your office remains well-stocked and organized, allowing you to operate smoothly and without interruptions. By taking care of these essential tasks, we help create a productive work environment that supports your business operations.</p>",
    "first_subheading6": "Correspondence Management",
    "first_para7": "<p class='mb-5'>Effective correspondence management is vital for maintaining smooth communication with clients, partners, and colleagues. Our services include drafting and sending emails, managing phone calls, and processing mail. We handle your correspondence with professionalism and efficiency, ensuring that all communications are addressed promptly and accurately. This helps you maintain strong relationships and keep all stakeholders informed and engaged.</p>",
    "first_subheading7" :"Streamlining Your Operations", 
    "first_para8":"<p>By utilizing Mediatrenz’s Administration Services, you gain access to a dedicated team focused on managing the day-to-day administrative tasks of your business. Our comprehensive support is designed to streamline your operations, enhance efficiency, and allow you to concentrate on your core business activities. With our assistance, you can improve your operational effectiveness, reduce administrative burdens, and achieve your business goals more efficiently.</p>",
    "first_subheading8":"Partnering for Success",
    "first_para9":"<p class='mb-5'>At Mediatrenz, our Administration Services are crafted to provide the support you need for a well-organized and efficient business. We are committed to handling your administrative tasks with precision and care, allowing you to focus on driving your business forward. Partner with us to experience enhanced productivity, streamlined operations, and a more organized approach to managing your administrative functions.</p>"
},
{
    "id": 6,
    "meta_title": "",
    "meta_description": "",
    "meta_keywords": "",
    "meta_og_title": "",
    "meta_og_description": "",
    "meta_og_image": "",
    "meta_og_url": "",
    "slug": "/bookkeeping.php",
    "page_title": "Bookkeeping",
    "banner_image_url": "/images2/bookkeeping.jpg",
    "breadcrums": "Bookkeeping",
    "first_img_url": "images2/bookkeeping.png",
    "first_img_alt": "Real Estate",
    "first_heading": "Bookkeeping",
    "first_subheading": "Welcome to Mediatrenz Bookkeeping",
    "first_para": "<p>Accurate financial record-keeping is fundamental to the success and stability of any business. At Mediatrenz, our Bookkeeping services offer comprehensive support to help you maintain clear, organized financial records that are compliant with regulations. Our expert team handles various aspects of bookkeeping to support your financial health and empower you to make informed business decisions.</p>",
    "first_subheading2": "Tracking Financial Transactions",
    "first_para2": "<p>Effective bookkeeping starts with the meticulous tracking of financial transactions. Our team records all income and expenses accurately, ensuring that every transaction is captured and categorized correctly. This includes managing accounts payable and receivable, where we handle invoice processing and ensure timely payments.</p>",
    "first_para3":"<p>By keeping a close eye on these financial activities, we help you maintain positive relationships with vendors and suppliers, avoid late fees, and streamline cash flow management.</p>",
    "first_subheading3": "Preparing Financial Statements",
    "first_para4": "<p>Regular preparation of financial statements is crucial for assessing your business’s financial health. We provide comprehensive financial statements, including balance sheets, income statements, and cash flow statements. These reports offer a clear snapshot of your financial status, enabling you to evaluate your business’s performance, make strategic decisions, and prepare for tax filings. Accurate financial statements are essential for understanding your profitability, liquidity, and overall financial position.</p>",
    "first_subheading4": "Ensuring Regulatory Compliance",
    "first_para5": "<p>Compliance with financial regulations is a key aspect of effective bookkeeping. Our team ensures that your records are maintained accurately and in accordance with industry best practices and regulatory requirements. We help you stay updated with tax laws and reporting obligations, reducing the risk of errors and potential penalties. By adhering to regulatory standards, we support your business in avoiding compliance issues and maintaining financial integrity.</p>",
    "first_subheading5": "Bank Reconciliation",
    "first_para6": "<p>Bank reconciliation is a critical process for verifying the accuracy of your financial records. Our team performs regular bank reconciliations by comparing your bank statements with your internal records. This helps ensure that all transactions are accounted for and any discrepancies are promptly resolved. Regular reconciliation helps maintain accurate financial records and provides peace of mind that your financial data is reliable.</p>",
    "first_subheading6": "Managing Financial Reports and Insights",
    "first_para7": "<p>Our bookkeeping services extend to managing financial reports and providing valuable insights into your business’s financial health. We analyze your financial data to identify trends, highlight areas for improvement, and support budgeting and forecasting efforts. By offering detailed financial analysis, we help you make informed decisions and plan effectively for future growth.</p>",
    "first_subheading7" :"Partnering for Financial Success", 
    "first_para8":"<p class='mb-5'>By choosing Mediatrenz for your bookkeeping needs, you gain access to a dedicated team focused on maintaining accurate and organized financial records. Our services are designed to support your financial management requirements, helping you achieve long-term success and stability. With our expert support, you can focus on running your business while we handle the intricacies of financial record-keeping.</p>"
},{
    "id": 7,
    "meta_title": "",
    "meta_description": "",
    "meta_keywords": "",
    "meta_og_title": "",
    "meta_og_description": "",
    "meta_og_image": "",
    "meta_og_url": "",
    "slug": "/by_posts_and_content.php",
    "page_title": "By Posts and Content",
    "banner_image_url": "/images2/by-post-content.jpg",
    "breadcrums": "By Posts and Content",
    "first_img_url": "images2/bookkeeping.png",
    "first_img_alt": "Real Estate",
    "first_heading": "By Posts and Content",
    "first_subheading": "Welcome to Mediatrenz By Posts and Content",
    "first_para": "<p>Creating engaging and relevant content is essential for connecting with your audience and enhancing your online presence. At Mediatrenz, our content creation services are designed to help you produce high-quality blog posts, articles, and social media content that resonate with your target market and support your business goals.</p>",
    "first_subheading2": "Understanding Your Brand and Audience",
    "first_para2": "<p>Our content creation process begins with a thorough understanding of your brand and audience. We work closely with you to identify key topics, themes, and messages that align with your business objectives and appeal to your target audience. This foundational step ensures that our content is not only relevant and engaging but also tailored to meet your specific needs and objectives.</p>",
    "first_subheading3": "Comprehensive Content Creation",
    "first_para4": "<p>We handle the entire content creation process, from ideation and research to writing and editing. Our team crafts compelling blog posts and articles that provide valuable insights, address your audience’s pain points, and showcase your expertise. Each piece of content is carefully crafted to capture attention, encourage engagement, and drive traffic to your website. Our focus is on delivering content that is both informative and captivating, helping you establish authority and connect with your audience.</p>",
    "first_subheading4": "Social Media Content Management",
    "first_para5": "<p>In addition to written content, we offer social media content creation and scheduling. Our team develops social media posts that align with your brand’s voice and objectives, engages with your audience, and promotes your products or services. We handle the scheduling of posts to ensure consistent and timely updates, and we monitor social media performance to track engagement metrics. This data-driven approach allows us to adjust strategies and optimize results for maximum impact.</p>",
    "first_subheading5": "Search Engine Optimization (SEO)",
    "first_para6": "<p>To enhance your content’s visibility and ranking on search engine results pages, we ensure that all content is optimized for SEO. We incorporate relevant keywords, meta tags, and internal links to improve search engine performance. This optimization helps drive organic traffic to your website, increase your online presence, and attract potential customers who are searching for information related to your business.</p>",
    "first_subheading6": "Partnering for Content Marketing Success",
    "first_para7": "<p class='mb-5'>By outsourcing your content creation needs to Mediatrenz, you benefit from a dedicated team focused on producing high-quality content that supports your marketing efforts and business goals. Our services are designed to help you maintain a consistent online presence, engage with your audience, and achieve your content marketing objectives. Partner with us to experience enhanced visibility, improved audience engagement, and successful content marketing strategies.</p>"
}
]
